source	id	title	theme	author	textdate	tags	URL	Author_profession	About_author
Arzamas	400	Бессмысленный тест на знание Arzamas  •  	[]		30.01.2017	[]	http://arzamas.academy/mag/400-two-years		
Arzamas	299	Черновики Михаила Булгакова  •  	['Литература']	Мария Котова	14.06.2016	[]	http://arzamas.academy/mag/299-bulgakov	Историк литературы	Кандидат филологических наук, ведущий научный сотрудник, руководитель научного отдела Государственного музея М. А. Булгакова. Автор ряда статей о русской литературе XX века и соавтор нескольких монографий, в том числе «В лабиринтах романа-загадки. Комментарий к роману В. П. Катаева „Алмазный мой венец“» (в соавторстве с О. Лекмановым, при участии Л. Видгофа) и «О. Мандельштам. „Египетская марка“. Пояснения для читателя» (составители: М. Котова, О. Лекманов, О. Репина, <nobr>А. Сергеева-Клятис,</nobr> С. Синельников).
Arzamas	164	За что на самом деле сожгли Джордано Бруно?  •  	['История']	Ованес Акопян	05.11.2015	[]	http://arzamas.academy/mag/164-bruno	Историк	Кандидат исторических наук, специалист по истории ренессансной магии, науки и философии, докторант Уорикского университета (Ковентри, Великобритания).
Arzamas	282	5 новых книг о литературе  •  	['Литература']		05.04.2016	[]	http://arzamas.academy/mag/282-essay		
Arzamas	303	Зачем американцы красили лицо в черный  •  	['Искусство', 'Антропология']	Феликс Сандалов	04.07.2016	[]	http://arzamas.academy/mag/303-menestrels	Журналист	Автор книги «Формейшен: история одной сцены»
Arzamas	273	Как определить тип личности по форме носа: метод Аристотеля  •  	['История', 'Антропология']		14.03.2016	[]	http://arzamas.academy/mag/273-nose		
Arzamas	208	Как Русско-турецкая война повлияла на моду  •  	['История', 'Антропология']	Ольга Хорошилова	07.12.2015	[]	http://arzamas.academy/mag/208-russo-turkish-war	Искусствовед, историк моды	Кандидат искусствоведения, доцент Санкт-Петербургского государственного университета промышленных технологий и дизайна, лектор Русского музея, автор книг «Всадники особого назначения» (2013), «Костюм и мода Российской империи. Эпоха Николая II» (2013), «Костюм и мода Российской империи. Эпоха Александра II и Александра III» (2015), «Молодые и красивые. Мода 1920-х годов» (2016).
Arzamas	163	Боги, монстры, Ренуар и поедатели свинины  •  	[]		30.10.2015	[]	http://arzamas.academy/mag/163-halk		
Arzamas	427	Советский писатель внутри Большого террора. Глава 7  •  	['Литература', 'История']	Илья Венявкин	27.04.2017	['Документ', 'СССР']	http://arzamas.academy/mag/427-chapter7Историк советской литературы и культуры	Кандидат исторических наук. Креативный директор Фонда Егора Гайдара. Один из участников сетевого проекта «Прожито», создающего полный электронный корпус дневников советского времени.	
Arzamas	295	Победитель читательского голосования — теперь в музее  •  	[]	Олег Коронный	25.05.2016	[]	http://arzamas.academy/mag/295-ashurnasirpalii	Редактор Arzamas.academy	
Arzamas	262	Книги недели: выбор «Порядка слов»  •  	[]		25.02.2016	[]	http://arzamas.academy/mag/262-shoah		
Arzamas	386	Стихи на выходные: Бахыт Кенжеев  •  	['Литература']		09.12.2016	['Поэзия']	http://arzamas.academy/mag/386-kenzheev		
Arzamas	425	Какие преступления вдохновили Достоевского  •  	['Литература', 'История']	Анастасия Першкина	02.05.2017	['XIX век', 'Хроника']	http://arzamas.academy/mag/425-crimes	Филолог, журналист	Кандидат филологических наук, главный выпускающий редактор «ТАСС-Аудио», член оргкомитета Международной научной конференции молодых филологов «Текстология и историко-литературный процесс». Училась на филологическом факультете МГУ, работала на радиостанции «Коммерсантъ FM». Научные интересы — русская литература XIX века. Дома есть библиотека и кот по имени Осип Иванович Сенковский.
Arzamas	355	Как устроен древнерусский храм  •  	['Искусство', 'История']	Сергей Кавтарадзе	17.10.2016	['Путеводитель', 'Архитектура', 'Древняя Русь']	http://arzamas.academy/mag/355-drevnerus	Искусствовед, историк архитектуры	Преподаватель Школы коллекционеров и экспертов ЦСИ «Винзавод». Лауреат премии «Просветитель» 2016 года в номинации «Гуманитарные науки» (книга «Анатомия архитектуры. Семь книг о логике, форме и смысле», 2016).
Arzamas	442	Определитель святых  •  	['Искусство', 'История', 'Антропология']	Михаил Майзульс	12.07.2017	['Шпаргалка', 'Средние века', 'Церковь']	http://arzamas.academy/mag/442-holyness	Историк-медиевист	Преподаватель Российско-французского учебно-научного центра исторической антропологии им. М. Блока. Окончил аспирантуру РГГУ (2008). Сфера научных интересов: древнерусская эсхатология, Библия и библейские образы в культуре русского Средневековья, проблема исторического сознания в Московской Руси, религиозная и культурная история западноевропейского Средневековья. Соавтор книг «Демоны и грешники в древнерусской иконографии: семиотика образа» (2011) и «Анатомия ада. Путеводитель по древнерусской визуальной демонологии» (2013).
Arzamas	256	Альфред Шнитке — о том, почему шлягеры — это зло  •  	['Искусство']		29.02.2016	[]	http://arzamas.academy/mag/256-shnittke		
Arzamas	441	Неизвестное видео с похорон Бориса Пастернака  •  	['История', 'Литература']		30.05.2017	['Хроника', 'СССР', 'Видео', 'Поэзия']	http://arzamas.academy/mag/441-pasternak_funeral		
Arzamas	212	О проигранной битве: нобелевская лекция Светланы Алексиевич  •  	['История', 'Литература']		07.12.2015	[]	http://arzamas.academy/mag/212-aleksievitch		
Arzamas	332	«Талантливая бесталанность»: как великих писателей ругали современники  •  	['Литература']	Анастасия Тулякова	22.08.2016	[]	http://arzamas.academy/mag/332-critics	Аспирант факультета гуманитарных наук школы филологии НИУ ВШЭ, преподаватель лицея НИУ ВШЭ	
Arzamas	293	6 вещей, которые надо знать о рунах  •  	['История']	Савва Михеев	23.06.2016	[]	http://arzamas.academy/mag/293-runi	Историк	Кандидат исторических наук, старший научный сотрудник отдела типологии и сравнительного языкознания Института славяноведения РАН.
Arzamas	152	Мультфильмы про Груффало, 100 лучших детских книг года  •  	[]	Лиза Биргер	23.10.2015	['Дети']	http://arzamas.academy/mag/152-children-4Журналист, литературный критик		
Arzamas	158	Мультфильмы по классике и постеры к «Гарри Поттеру»  •  	[]		30.10.2015	['Дети']	http://arzamas.academy/mag/158-children-4		
Arzamas	399	Как Ницше, Аполлинер и прерафаэлиты изменили архитектуру  •  	['Искусство']	Ксения Малич	01.02.2017	['Архитектура', 'Что читать']	http://arzamas.academy/mag/399-arch_books	Искусствовед, историк архитектуры	Научный сотрудник Государственного Эрмитажа, куратор архитектурной программы проекта «Эрмитаж 20/21». Автор и куратор выставок, посвященных истории становления европейских архитектурных школ в XX веке, а также мастерам современной архитектуры («Сантьяго Калатрава. В поисках движения», «Архитектура по-голландски. 1945–2000», «Заха Хадид в Государственном Эрмитаже», «Золотое поколение. Модернизм в финской архитектуре и дизайне» и др). Автор нескольких десятков научных статей и выставочных каталогов, посвященных вопросам теории архитектуры XIX–XX веков.
Arzamas	440	Что с детьми индейцев сделала американская школа  •  	['Антропология', 'История']	Дмитрий Шабельников	26.05.2017	['Хроника', 'Америка', 'XIX век']	http://arzamas.academy/mag/440-carlisle	Переводчик	Окончил филологический факультет МГУ, выпускник мастерской художественного перевода Creative Writing School (курс Александры Борисенко и Виктора Сонькина). Участник проекта перевода английских приключенческих рассказов конца XIX века.
Arzamas	369	Как работает реставратор  •  	['Искусство', 'История']	Елена Позднякова	09.11.2016	['Инструкция', 'Древняя Русь']	http://arzamas.academy/mag/369-restavr	Историк искусства	Магистрант отделения теории и истории искусства исторического факультета МГУ
Arzamas	130	Что читать в сети: 07.10–14.10  •  	[]		07.10.2015	[]	http://arzamas.academy/mag/130-what-to-read-1		
Arzamas	157	Как звучал голос Чайковского  •  	['История', 'Искусство']	Алексей Мунипов	28.10.2015	[]	http://arzamas.academy/mag/157-chaikovsky	Журналист, редактор 	Кандидат наук, в 2002 году защитил в НИИ искусствознания диссертацию «Тема смерти в японской массовой культуре». <nobr>В 2012–2013 годах</nobr> — главный редактор журнала «Большой город», <nobr>в 2014–2015 годах</nobr> — главный редактор издания «Афиша–Воздух», <nobr>в 2015–2016 годах</nobr> — редакционный директор Arzamas. 
Arzamas	105	Роман Карцев и Виктор Ильченко — про первое сентября  •  	['Искусство']		01.09.2015	[]	http://arzamas.academy/mag/105-1-sep		
Arzamas	286	Анатомия смеха: как работает английская карикатура  •  	['Искусство']		13.04.2016	[]	http://arzamas.academy/mag/286-caricature		
Arzamas	229	Ольга Улемнова — о казанском авангарде  •  	['Искусство']	Анна Лернер	23.12.2015	[]	http://arzamas.academy/mag/229-ulemnova		
Arzamas	385	Александр Родченко: краткий путеводитель по жизни и творчеству  •  	['Искусство']	Никита Слинкин	16.12.2016	['Шпаргалка']	http://arzamas.academy/mag/385-rodchenko	Историк искусства	Сотрудник издательского отдела Мультимедиа-арт-музея, соавтор <a href="https://twitter.com/gerbarium" target="_blank">твиттера Gerbarium</a>.
Arzamas	270	Шпионские игры, детские детективы и мультсериал про Битлов  •  	[]	Лиза Биргер	11.03.2016	['Дети']	http://arzamas.academy/mag/270-fbi-for-kids	Журналист, литературный критик	
Arzamas	370	Рафаэль: как подготовиться к выставке  •  	['Искусство', 'История']		25.10.2016	['Живопись', 'XVI–XVII века']	http://arzamas.academy/mag/370-rafael		
Arzamas	218	Даниил Хармс — о новых медиа  •  	['Литература']		15.12.2015	[]	http://arzamas.academy/mag/218-kharms		
Arzamas	127	Россия и Китай: 100 лет дружбы и вражды  •  	['История']		14.10.2015	[]	http://arzamas.academy/mag/127-pantcov		
Arzamas	16	Французская деревенская песенка 1912 года  •  	['Искусство']		16.07.2015	[]	http://arzamas.academy/mag/16-gallic		
Arzamas	296	5 писем древних школьников  •  	['История']	Алена Чепель	16.06.2016	[]	http://arzamas.academy/mag/296-oldschool	Филолог, историк Античности	Докторант Университета Рединга (University of Reading), научный сотрудник лаборатории античной культуры Школы актуальных гуманитарных исследований РАНХиГС.
Arzamas	202	О вреде чтения, как говорить на барабанах, долой тонкость  •  	[]		02.12.2015	[]	http://arzamas.academy/mag/202-txts-of-the-week		
Arzamas	351	Как читать Хлебникова  •  	['Литература']	Олег Лекманов	28.09.2016	['Инструкция', 'Поэзия']	http://arzamas.academy/mag/351-hlebnikov	Доктор филологических наук, профессор школы филологии факультета гуманитарных наук НИУ ВШЭ	Историк литературы. Автор монографий «Книга об акмеизме и другие работы» (2000), «Статьи и заметки о школьной литературе» (в соавторстве с М. И. Свердло&shy;вым, 2001), «„Рождественские стихи“ Иосифа Бродского» (в со&shy;авторстве с А. Ю. Сергеевой-Клятис, 2002), «В лабиринтах романа-загадки. Комментарий к роману В. П. Катаева „Алмазный мой венец“» (в соавторстве с М. Ко&shy;то&shy;вой, при участии Л. Вид&shy;гофа; 2004), <a href=http://community.livejournal.com/ru_lit/206083.html target=_blank>«Опыт коллективного комментария к „Вступлению“ поэмы Тимура Кибирова „Сквозь прощальные слезы“»</a>, «О трех акмеистических книгах. М. Зенке&shy;вич. В. Нарбут. О. Мандельштам» (2006), «Осип Мандельштам. Жизнь поэта» (серия «Жизнь замечательных людей», 2009), «Mandelstam» (Boston, 2010), «Сергей Есенин. Биография. Издание второе, исправленное и дополненное» (в соавторстве с М. И. Свердловым, 2011), «О. Мандельштам. „Египетская марка“. Пояснения для читателя» (сост. О. Лекманов, М. Котова, О. Репина, А. Сергеева-Клятис, С. Синельников; 2012), «Поэты и газеты. Очерки» (2013), «Русская поэзия в 1913 году» (2014), <a href= http://www.ruthenia.ru/document/551883.html target=_blank>«Из опыта пристального чтения русской прозы: „Чистый понедельник“ И. А. Бунина»</a> (в соавторстве с М. Дзюбенко).
Arzamas	171	Майк Тайсон — о пользе чтения  •  	['Литература']		10.11.2015	[]	http://arzamas.academy/mag/171-tyson		
Arzamas	309	Советский писатель внутри Большого террора. Глава 1  •  	['Литература', 'История']	Илья Венявкин	18.07.2016	['СССР']	http://arzamas.academy/mag/309-afinogenov	Историк советской литературы и культуры	Кандидат исторических наук. Креативный директор Фонда Егора Гайдара. Один из участников сетевого проекта «Прожито», создающего полный электронный корпус дневников советского времени.
Arzamas	151	Книги недели: выбор «Фаланстера»  •  	[]	Борис Куприянов	22.10.2015	[]	http://arzamas.academy/mag/151-books-1Издатель, публицист	Один из учредителей книжного магазина «Фаланстер», программный директор Международного московского открытого книжного фестиваля, член экспертного совета Международной ярмарки интеллектуальной литературы non/fiction.	
Arzamas	444	Лев Толстой как герой поп-культуры  •  	['Искусство', 'Литература']	Анастасия Тулякова	07.06.2017	['Фольклор']	http://arzamas.academy/mag/444-tolstoy	Аспирант факультета гуманитарных наук школы филологии НИУ ВШЭ, преподаватель лицея НИУ ВШЭ	
Arzamas	408	Грузинский авангард в шести картинах и двух эскизах  •  	['Искусство']	Елена Каменская	27.02.2017	['Живопись', 'Шпаргалка']	http://arzamas.academy/mag/408-gamardzhoba	Искусствовед, куратор выставок	Внештатный сотрудник ГМИИ им. А. С. Пушкина, Московского музея современного искусства, Театрального музея Тбилиси. Окончила историко-филологический факультет РГГУ и отделение истории и теории искусства МГУ. Научные интересы — искусство грузинского модернизма, искусство русского зарубежья. Пишет кандидатскую диссертацию о творчестве художника Александра Яковлева. 
Arzamas	428	«Иван и Фрэнк»: история двух солдат  •  	['История']		09.05.2017	['Воспоминания', 'Война', 'Видео']	http://arzamas.academy/mag/428-ivan-frank		
Arzamas	362	7 секретов «Мертвых душ»  •  	['Литература']	Евгения Шрага	19.10.2016	['Шпаргалка', 'Что читать']	http://arzamas.academy/mag/362-mertvie_dushi	Историк литературы, переводчик	Кандидат филологических наук. Окончила филологический факультет СПбГУ. Преподавала на кафедре истории русской литературы СПбГУ. Работала редактором в Издательстве Европейского университета в Санкт-Петербурге и в издательстве «Лимбус Пресс». Автор монографии «Литература против литературности: Пути развития циклизованной прозы 1820–30-х годов» (2013), участник коллективной монографии «Проза Н. В. Гоголя. Поэтика нарратива» (2011). Переводчик: Джон Бергер, «Искусство видеть» (2012); Геральд Рауниг, «Искусство и революция. Художественный активизм в долгом двадцатом веке» (2011; совместно с Александром Скиданом).
Arzamas	349	Поэт Анатолий Найман о писателе Викторе Голявкине  •  	['Литература']	Анатолий Найман 	21.09.2016	['Воспоминания']	http://arzamas.academy/mag/349-golyavkin	Поэт и писатель	
Arzamas	215	«Звездные войны» для малышей и мультфильмы про детство  •  	[]	Лиза Биргер	11.12.2015	['Дети']	http://arzamas.academy/mag/215-yoda	Журналист, литературный критик	
Arzamas	236	Опрос: что случилось с наукой в 2015 году  •  	['История', 'Антропология']		07.01.2016	[]	http://arzamas.academy/mag/236-opros		
Arzamas	160	Игра недели: «Россия против Турции»  •  	['История']	Дмитрий Голубовский	29.10.2015	[]	http://arzamas.academy/mag/160-russ-turkish-war-game	Журналист, редактор	Директор департамента стикеров и эмодзи Arzamas. Кандидат исторических наук. <nobr>В 2011–2014 годах</nobr> — главный редактор журнала Esquire.
Arzamas	126	Работа Оливье Кристена про гугенотов и иконоборчество  •  	['История']		04.10.2015	[]	http://arzamas.academy/mag/126-gugeno		
Arzamas	233	Голосование: всё лучшее 15-го года  •  	['История']		28.12.2015	[]	http://arzamas.academy/mag/233-new-year-poll		
Arzamas	337	Как слушать оперу  •  	['Искусство']	Михаил Фихтенгольц	29.08.2016	['Музыка']	http://arzamas.academy/mag/337-opera	Музыковед, оперный и концертный продюсер, музыкальный критик	Окончил Российскую академию музыки им. Гнесиных по специальности «музыковедение». С 2006 года — директор концертных программ Московской филармонии, <nobr>с 2009 по 2013 год</nobr> — начальник отдела перспективного творческого планирования Большого театра. Сотрудничал с Российским национальным оркестром, Московским Пасхальным фестивалем Валерия Гергиева. С 2014 года — директор оперы Баденского государственного театра (Карлсруэ, Германия) и художественный руководитель Международного Генделевского фестиваля в Карлсруэ.
Arzamas	319	Письма читателей Михаилу Зощенко  •  	['Литература', 'Антропология']	Мария Котова	27.07.2016	[]	http://arzamas.academy/mag/319-zoshchenko	Историк литературы	Кандидат филологических наук, ведущий научный сотрудник, руководитель научного отдела Государственного музея М. А. Булгакова. Автор ряда статей о русской литературе XX века и соавтор нескольких монографий, в том числе «В лабиринтах романа-загадки. Комментарий к роману В. П. Катаева „Алмазный мой венец“» (в соавторстве с О. Лекмановым, при участии Л. Видгофа) и «О. Мандельштам. „Египетская марка“. Пояснения для читателя» (составители: М. Котова, О. Лекманов, О. Репина, <nobr>А. Сергеева-Клятис,</nobr> С. Синельников).
Arzamas	421	Краткая история реликвий  •  	['История', 'Антропология']	Светлана Яцык	04.04.2017	['Средние века', 'Церковь', 'Мифы', 'Шпаргалка']	http://arzamas.academy/mag/421-reliq	Историк-медиевист	Кандидат исторических наук, аналитик лаборатории медиевистических исследований, преподаватель школы исторических наук факультета гуманитарных наук Высшей школы экономики.
Arzamas	384	Как быть красавицей  •  	['Антропология', 'История']		07.12.2016	['Мода', 'XVIII век', 'XIX век']	http://arzamas.academy/mag/384-beauty		
Arzamas	314	10 способов остаться в истории  •  	['Антропология', 'История']	Савва Михеев	01.08.2016	[]	http://arzamas.academy/mag/314-nadpisi	Историк	Кандидат исторических наук, старший научный сотрудник отдела типологии и сравнительного языкознания Института славяноведения РАН.
Arzamas	186	Всё о создателе «Маппет-шоу» и пазлы-молекулы  •  	[]	Лиза Биргер	20.11.2015	['Дети']	http://arzamas.academy/mag/186-mog	Журналист, литературный критик	
Arzamas	407	7 секретов «Грозы»  •  	['Литература']	Кирилл Зубков	01.03.2017	['Шпаргалка', 'Что читать', 'XIX век']	http://arzamas.academy/mag/407-groza	Историк литературы	Кандидат филологических наук, преподаватель СПбГУ, сотрудник Института русской литературы (Пушкинского Дома) РАН. Автор работ по истории русской литературы, цензуры и литературной критики середины XIX века.
Arzamas	272	Как устроены рисунки Эйзенштейна  •  	['Искусство']	Ика Мунипова	16.03.2016	['Кино']	http://arzamas.academy/mag/272-eisenstein	Историк театра и кино, режиссер	Выпускница Института филологии и истории (кафедра театра и кино) и Высших курсов сценаристов и режиссеров (мастерская Владимира Хотиненко). Занималась исследованием рисунков Эйзенштейна в аспирантуре отделения филологии философского факультета Эрфуртского университета (Германия).
Arzamas	125	«Ключ от ада»: учебник черной и белой магии  •  	['История', 'Искусство']	Анна Лернер	19.10.2015	[]	http://arzamas.academy/mag/125-cyprianus		
Arzamas	357	Мусульманский Петербург рубежа веков  •  	['Антропология', 'История']	Ренат Беккин	10.10.2016	['XIX век', 'Галерея']	http://arzamas.academy/mag/357-muslims	Доктор экономических наук, профессор РАН, специалист по исламской экономике и мусульманскому праву	В 2007–2012 годах — главный редактор литературно-философского журнала «Четки»; в 2010–2015 годах — основатель и заведующий кафедры исламоведения в Казанском федеральном университете. Автор 10 научных монографий и более 130 статей на русском и английском языках.
Arzamas	232	Роман Гуль — о жизни в эмиграции  •  	['История', 'Литература']		01.02.2016	[]	http://arzamas.academy/mag/232-roman-gul		
Arzamas	255	Корней Чуковский — о набоковской лжи  •  	['Литература']		22.02.2016	[]	http://arzamas.academy/mag/255-nabokov		
Arzamas	195	Как устроен мир средневекового бестиария  •  	['История', 'Антропология']	Анна Лернер	01.12.2015	[]	http://arzamas.academy/mag/195-beas		
Arzamas	234	Книги недели: выбор «Порядка слов»  •  	[]		24.12.2015	[]	http://arzamas.academy/mag/234-mayak		
Arzamas	190	Андрей Зубов. «Сирия: предпосылки трагедии»  •  	['История']		24.11.2015	[]	http://arzamas.academy/mag/190-syria		
Arzamas	122	Лев Толстой говорит на четырех языках  •  	['Литература']		15.09.2015	[]	http://arzamas.academy/mag/122-tolstoy-shellac		
Arzamas	411	Фильм-воспоминание о Москве  •  	['История']	Катя Ламм	23.02.2017	['Документ']	http://arzamas.academy/mag/411-baranovich	Продюсер Arzamas	
Arzamas	341	Для кого писал Маяковский  •  	['Литература']	Олег Лекманов	12.09.2016	['Поэзия', 'Что читать']	http://arzamas.academy/mag/341-mayak	Доктор филологических наук, профессор школы филологии факультета гуманитарных наук НИУ ВШЭ	Историк литературы. Автор монографий «Книга об акмеизме и другие работы» (2000), «Статьи и заметки о школьной литературе» (в соавторстве с М. И. Свердло&shy;вым, 2001), «„Рождественские стихи“ Иосифа Бродского» (в со&shy;авторстве с А. Ю. Сергеевой-Клятис, 2002), «В лабиринтах романа-загадки. Комментарий к роману В. П. Катаева „Алмазный мой венец“» (в соавторстве с М. Ко&shy;то&shy;вой, при участии Л. Вид&shy;гофа; 2004), <a href=http://community.livejournal.com/ru_lit/206083.html target=_blank>«Опыт коллективного комментария к „Вступлению“ поэмы Тимура Кибирова „Сквозь прощальные слезы“»</a>, «О трех акмеистических книгах. М. Зенке&shy;вич. В. Нарбут. О. Мандельштам» (2006), «Осип Мандельштам. Жизнь поэта» (серия «Жизнь замечательных людей», 2009), «Mandelstam» (Boston, 2010), «Сергей Есенин. Биография. Издание второе, исправленное и дополненное» (в соавторстве с М. И. Свердловым, 2011), «О. Мандельштам. „Египетская марка“. Пояснения для читателя» (сост. О. Лекманов, М. Котова, О. Репина, А. Сергеева-Клятис, С. Синельников; 2012), «Поэты и газеты. Очерки» (2013), «Русская поэзия в 1913 году» (2014), <a href= http://www.ruthenia.ru/document/551883.html target=_blank>«Из опыта пристального чтения русской прозы: „Чистый понедельник“ И. А. Бунина»</a> (в соавторстве с М. Дзюбенко).
Arzamas	326	Раны Гражданской войны в США  •  	['История', 'Антропология']	Дмитрий Голубовский	03.08.2016	[]	http://arzamas.academy/mag/326-civilwar	Журналист, редактор	Директор департамента стикеров и эмодзи Arzamas. Кандидат исторических наук. <nobr>В 2011–2014 годах</nobr> — главный редактор журнала Esquire.
Arzamas	179	Зомби, мумии, тантра и Рембрандт  •  	[]		13.11.2015	[]	http://arzamas.academy/mag/179-zombie		
Arzamas	133	Слово «бистро» — это искаженное русское «быстро»?  •  	['История']		29.09.2015	[]	http://arzamas.academy/mag/133-bistro		
Arzamas	141	Про буквы и немного про слова  •  	[]		09.10.2015	['Дети']	http://arzamas.academy/mag/141-abc		
Arzamas	397	Что надо знать о «Хрониках Нарнии»  •  	['Литература']	Николай Эппле	25.01.2017	['Шпаргалка', 'Что читать', 'Англия']	http://arzamas.academy/mag/397-narnia	Филолог, переводчик, журналист	Окончил классическое отделение историко-филологического факультета РГГУ и аспирантуру Института философии РАН. Специалист по истории западноевропейской литературы, переводчик Клайва Стейплза Льюиса и Гилберта Кита Честертона.
Arzamas	435	История самого опасного волка-убийцы  •  	['Антропология', 'История']	Дмитрий Шабельников	17.05.2017	['Документ', 'Америка', 'Хроника']	http://arzamas.academy/mag/435-wolf	Переводчик	Окончил филологический факультет МГУ, выпускник мастерской художественного перевода Creative Writing School (курс Александры Борисенко и Виктора Сонькина). Участник проекта перевода английских приключенческих рассказов конца XIX века.
Arzamas	258	Алексей Шмелев. «Ложь и вранье в русской языковой картине мира»  •  	['Антропология']		02.03.2016	[]	http://arzamas.academy/mag/258-russian-lies		
Arzamas	247	Дмитрий Опарин — о жизни эскимосов  •  	['Антропология']	Анна Лернер	03.02.2016	[]	http://arzamas.academy/mag/247-north		
Arzamas	318	Краткая история кровопускания  •  	['Антропология', 'История']	Мария Пироговская	05.08.2016	[]	http://arzamas.academy/mag/318-blood	Антрополог	Кандидат исторических наук, научный сотрудник факультета антропологии Европейского университета <nobr>в Санкт-Петербурге</nobr>, редактор раздела «Рецензии» журнала «Антропологический форум».
Arzamas	315	Сколько зарабатывали русские писатели  •  	['Литература', 'История']	Анастасия Тулякова	08.07.2016	[]	http://arzamas.academy/mag/315-money	Аспирант факультета гуманитарных наук школы филологии НИУ ВШЭ, преподаватель лицея НИУ ВШЭ	
Arzamas	307	5 книг об архитектуре советского авангарда  •  	['Искусство']	Александра Селиванова	28.06.2016	[]	http://arzamas.academy/mag/307-avang_arch	Кандидат архитектуры	Руководитель Центра авангарда библиотеки «Просвещение трудящихся», старший научный сотрудник Музея Москвы.
Arzamas	137	Что читать в сети: от толстого Гамлета до истории французских рам  •  	[]		14.10.2015	[]	http://arzamas.academy/mag/137-to-read-2		
Arzamas	281	Как собраться в Крестовый поход  •  	['История']	Светлана Лучицкая	01.04.2016	[]	http://arzamas.academy/mag/281-crusaders	Доктор исторических наук	Руководитель Центра культурной и исторической антропологии Института всеобщей истории РАН, заведующая отделом культуры и науки средневековой и современной Европы Института мировой культуры МГУ. Автор более 100 научных работ. Специалист по истории средневековых христианских представлений об исламе, истории Крестовых походов, средневековой иконографии, истории средневековой культуры.
Arzamas	36	Всеволод Дмитриев. Неизвестный критик журнала «Аполлон»  •  	['Литература']		07.10.2015	[]	http://arzamas.academy/mag/36-32-vsevoloddmitriev		
Arzamas	379	Виолончель: пять доказательств того, что она существует  •  	['Искусство']		18.11.2016	['Музыка', 'Инструкция', 'Шпаргалка']	http://arzamas.academy/mag/379-vivacello		
Arzamas	117	Фрай читает Уайльда, настольные игры, «Пеппи» и расизм  •  	[]	Лиза Биргер	02.10.2015	['Дети']	http://arzamas.academy/mag/117-children-2Журналист, литературный критик		
Arzamas	426	Как смотреть Репина  •  	['Искусство', 'История']	Галина Ельшевская	19.04.2017	['Инструкция', 'Шпаргалка', 'Живопись', 'XIX век']	http://arzamas.academy/mag/426-repin	Искусствовед	Автор более 200 статей, а также книг «Модель и образ» (1984), «Илья Репин» (1998), «Короткая книга о Константине Сомове» (2003), «Мир искусства» (2008) и др. Куратор и редактор книжной серии «Очерки визуальности» издательства «Новое литературное обозрение» (в 2016 году отмечена премией The Art Newspaper Russia).
Arzamas	162	Инфографика недели: цвета  •  	['Антропология', 'Искусство']	Дмитрий Голубовский	30.10.2015	[]	http://arzamas.academy/mag/162-infographic-colors	Журналист, редактор	Директор департамента стикеров и эмодзи Arzamas. Кандидат исторических наук. <nobr>В 2011–2014 годах</nobr> — главный редактор журнала Esquire.
Arzamas	432	Как читать «Двенадцать месяцев»  •  	['Литература', 'История']		05.06.2017	['Война', 'СССР', 'Что читать', 'Дети']	http://arzamas.academy/mag/432-12months		
Arzamas	393	Рождество в шести картинах  •  	['Искусство', 'История', 'Антропология']	Анна Киселева	26.12.2016	['Живопись']	http://arzamas.academy/mag/393-christmas	Искусствовед	Окончила отделение теории и истории искусства исторического факультета МГУ, сотрудник отдела выставок ГМИИ им. А. С. Пушкина.
Arzamas	189	Главные премьеры non/fiction  •  	[]		24.11.2015	[]	http://arzamas.academy/mag/189-non-fiction		
Arzamas	161	Книги недели: выбор «Фаланстера»  •  	[]	Борис Куприянов	28.10.2015	[]	http://arzamas.academy/mag/161-books-2Издатель, публицист	Один из учредителей книжного магазина «Фаланстер», программный директор Международного московского открытого книжного фестиваля, член экспертного совета Международной ярмарки интеллектуальной литературы non/fiction.	
Arzamas	239	Вадим Гаевский — о Майе Плисецкой  •  	['Искусство']		11.01.2016	[]	http://arzamas.academy/mag/239-gaevsky		
Arzamas	387	Как читать Цветаеву  •  	['Литература']	Ирина Шевеленко	12.12.2016	['Шпаргалка', 'Поэзия']	http://arzamas.academy/mag/387-tsvetaeva	Профессор славянских языков и литературы Висконсинского университета в Мэдисоне	
Arzamas	368	Советское ар-деко, или Что такое постконструктивизм  •  	['Искусство']	Александра Селиванова	11.11.2016	['Архитектура', 'Шпаргалка']	http://arzamas.academy/mag/368-ardeco	Кандидат архитектуры	Руководитель Центра авангарда библиотеки «Просвещение трудящихся», старший научный сотрудник Музея Москвы.
Arzamas	445	Как читать «Сына полка»  •  	['История', 'Литература']		30.06.2017	['СССР', 'Что читать', 'Хрестоматия']	http://arzamas.academy/mag/445-syn_polka		
Arzamas	112	Игра недели: «Монополия» из гетто  •  	['История']	Дмитрий Голубовский	13.10.2015	[]	http://arzamas.academy/mag/112-monopoly	Журналист, редактор	Директор департамента стикеров и эмодзи Arzamas. Кандидат исторических наук. <nobr>В 2011–2014 годах</nobr> — главный редактор журнала Esquire.
Arzamas	114	«Хоббит», «Маленький принц» и другие ожившие обложки  •  	['Искусство', 'Литература']		20.10.2015	[]	http://arzamas.academy/mag/114-book-covers		
Arzamas	175	Инфографика недели: путешествия  •  	['История']	Дмитрий Голубовский	11.11.2015	[]	http://arzamas.academy/mag/175-infographic-journeys	Журналист, редактор	Директор департамента стикеров и эмодзи Arzamas. Кандидат исторических наук. <nobr>В 2011–2014 годах</nobr> — главный редактор журнала Esquire.
Arzamas	243	Летающий гроб Магомета: кто это выдумал?  •  	['История']	Светлана Лучицкая	25.01.2016	[]	http://arzamas.academy/mag/243-muhammad	Доктор исторических наук	Руководитель Центра культурной и исторической антропологии Института всеобщей истории РАН, заведующая отделом культуры и науки средневековой и современной Европы Института мировой культуры МГУ. Автор более 100 научных работ. Специалист по истории средневековых христианских представлений об исламе, истории Крестовых походов, средневековой иконографии, истории средневековой культуры.
Arzamas	145	Как смотреть выставку Серова в Третьяковке  •  	['Искусство']		12.10.2015	[]	http://arzamas.academy/mag/145-serov		
Arzamas	140	Итоги конкурса красоты среди писателей  •  	['Литература']	Кирилл Головастиков	02.10.2015	[]	http://arzamas.academy/mag/140-pageant	Стиховед, редактор Arzamas.academy	Окончил филологический факультет МГУ имени Ломоносова и его аспирантуру по кафедре истории русской литературы. Член редакции журнала по русской и теоретической филологии Philologica. Бывший журналист интернет-издания «Лента.ру» (2008–2014). Лауреат премии «Книга года» (2017)
Arzamas	104	Первая телесъемка The Beatles: август 1962 года  •  	['Искусство']		28.08.2015	[]	http://arzamas.academy/mag/104-beatles		
Arzamas	401	Стихи на выходные  •  	['Литература']		03.02.2017	['Поэзия']	http://arzamas.academy/mag/401-poetry		
Arzamas	431	8 цитат в песнях Дэвида Боуи  •  	['Литература', 'Искусство']		15.05.2017	['Шпаргалка', 'Цитаты', 'Музыка']	http://arzamas.academy/mag/431-bowie		
Arzamas	182	Инфографика недели: вода  •  	[]	Дмитрий Голубовский	18.11.2015	[]	http://arzamas.academy/mag/182-infographic-water	Журналист, редактор	Директор департамента стикеров и эмодзи Arzamas. Кандидат исторических наук. <nobr>В 2011–2014 годах</nobr> — главный редактор журнала Esquire.
Arzamas	261	Советская мультфантастика и «Война и мир» для малышей  •  	[]	Лиза Биргер	19.02.2016	['Дети']	http://arzamas.academy/mag/261-war-and-peace	Журналист, литературный критик	
Arzamas	417	7 секретов «Горя от ума»  •  	['Литература']	Мария Гельфонд	25.04.2017	['Шпаргалка', 'XIX век', 'Что читать']	http://arzamas.academy/mag/417-gore	Историк литературы, кандидат филологических наук	Академический руководитель образовательной программы «Филология» в Высшей школе экономики (Нижний Новгород). Автор книги «„Читателя найду в потомстве я…“: поэты ХХ века — читатели Боратынского» и около 40 статей. 
Arzamas	120	Книжка-картинка про Анну Павлову, Вольтер для детей, возвращение Бода  •  	[]	Лиза Биргер	25.09.2015	['Дети']	http://arzamas.academy/mag/120-chiddren-1Журналист, литературный критик		
Arzamas	235	Рождество, подарки и детские итоги года  •  	[]	Лиза Биргер	25.12.2015	['Дети']	http://arzamas.academy/mag/235-new-year	Журналист, литературный критик	
Arzamas	34	Буракумины: японские неприкасаемые  •  	['История', 'Антропология']		02.07.2015	[]	http://arzamas.academy/mag/34-burakumin		
Arzamas	373	Энциклопедия Вернера Херцога  •  	['Искусство']	Олег Коронный	03.11.2016	['Кино']	http://arzamas.academy/mag/373-herzog	Редактор Arzamas.academy	
Arzamas	166	Первые травести революционного Петрограда  •  	['История', 'Антропология']	Ольга Хорошилова	09.11.2015	[]	http://arzamas.academy/mag/166-queer	Искусствовед, историк моды	Кандидат искусствоведения, доцент Санкт-Петербургского государственного университета промышленных технологий и дизайна, лектор Русского музея, автор книг «Всадники особого назначения» (2013), «Костюм и мода Российской империи. Эпоха Николая II» (2013), «Костюм и мода Российской империи. Эпоха Александра II и Александра III» (2015), «Молодые и красивые. Мода 1920-х годов» (2016).
Arzamas	97	Как делать бумажные фонари: инструкция XIX века  •  	['История']		13.08.2015	[]	http://arzamas.academy/mag/97-lantern		
Arzamas	439	Как читать «Кортик»  •  	['История', 'Литература']		23.06.2017	['СССР', 'Что читать', 'Дети']	http://arzamas.academy/mag/439-kortik		
Arzamas	366	Что такое современный музей  •  	['Искусство']		14.11.2016	[]	http://arzamas.academy/mag/366-curators		
Arzamas	278	«И вот я уже парю без самолета»: сны великих режиссеров  •  	['Искусство']	Ика Мунипова	24.03.2016	[]	http://arzamas.academy/mag/278-dreams	Историк театра и кино, режиссер	Выпускница Института филологии и истории (кафедра театра и кино) и Высших курсов сценаристов и режиссеров (мастерская Владимира Хотиненко). Занималась исследованием рисунков Эйзенштейна в аспирантуре отделения филологии философского факультета Эрфуртского университета (Германия).
Arzamas	244	Книги недели: выбор «Порядка слов»  •  	[]		21.01.2016	[]	http://arzamas.academy/mag/244-gasparov-shemyakin		
Arzamas	101	Нефертити и секретная комната  •  	['История']		19.08.2015	[]	http://arzamas.academy/mag/101-nefertiti		
Arzamas	20	Записка, из-за которой рухнула Берлинская стена  •  	['История']		15.07.2015	[]	http://arzamas.academy/mag/20-note		
Arzamas	418	Крестовые походы в 8 пунктах  •  	['История', 'Антропология']	Елизавета Лапина	27.03.2017	['Средние века', 'Церковь']	http://arzamas.academy/mag/418-christ	Доктор исторических наук	Профессор Висконсинского университета в Мадисоне. Занимается хрониками Крестовых походов и Крестовыми походами в средневековом изобразительном искусстве. Автор книги «Warfare and the Miraculous in the Chronicles of the First Crusade» и составитель сборника «The Crusades and Visual Culture».
Arzamas	99	Беседы Джона Кейджа с Мортоном Фелдманом (на английском)  •  	['Искусство']		24.08.2015	[]	http://arzamas.academy/mag/99-cage-feldman		
Arzamas	371	Советский писатель внутри Большого террора. Глава 4  •  	['Литература', 'История']	Илья Венявкин	07.11.2016	['Документ', 'СССР']	http://arzamas.academy/mag/371-afinogenov4Историк советской литературы и культуры	Кандидат исторических наук. Креативный директор Фонда Егора Гайдара. Один из участников сетевого проекта «Прожито», создающего полный электронный корпус дневников советского времени.	
Arzamas	201	Игра недели: «Любовь к добродетели» XVIII века  •  	['История']	Дмитрий Голубовский	27.11.2015	[]	http://arzamas.academy/mag/201-emulation-game	Журналист, редактор	Директор департамента стикеров и эмодзи Arzamas. Кандидат исторических наук. <nobr>В 2011–2014 годах</nobr> — главный редактор журнала Esquire.
Arzamas	226	Инфографика недели: город до и после  •  	['История']	Дмитрий Голубовский	25.12.2015	[]	http://arzamas.academy/mag/226-infographic-hernand	Журналист, редактор	Директор департамента стикеров и эмодзи Arzamas. Кандидат исторических наук. <nobr>В 2011–2014 годах</nobr> — главный редактор журнала Esquire.
Arzamas	134	Филипп Вигель — о том, почему Россия не ценит своего прошлого  •  	['История']		26.10.2015	[]	http://arzamas.academy/mag/134-vigel		
Arzamas	449	Моранди: как подготовиться к выставке  •  	['Искусство']		21.07.2017	['Живопись', 'Шпаргалка', 'Видео', 'Италия']	http://arzamas.academy/mag/449-morandi		
Arzamas	392	Советский писатель внутри Большого террора. Глава 5  •  	['Литература', 'История']	Илья Венявкин	28.12.2016	['СССР']	http://arzamas.academy/mag/392-chapter5Историк советской литературы и культуры	Кандидат исторических наук. Креативный директор Фонда Егора Гайдара. Один из участников сетевого проекта «Прожито», создающего полный электронный корпус дневников советского времени.	
Arzamas	143	Шостакович на репетиции  •  	['Искусство']		21.10.2015	[]	http://arzamas.academy/mag/143-nose		
Arzamas	135	Александр Перцев — о Ницше, женщинах и Слотердайке  •  	[]		06.10.2015	[]	http://arzamas.academy/mag/135-percev		
Arzamas	289	Анатолий Найман о Мандельштаме  •  	['Литература']	Анатолий Найман 	14.04.2016	[]	http://arzamas.academy/mag/289-mandelshtam	Поэт и писатель	
Arzamas	147	Как Жан-Поль Сартр отказался от Нобелевской премии  •  	['Литература']		15.10.2015	[]	http://arzamas.academy/mag/147-sartr		
Arzamas	437	Как читать «Дикую собаку динго»  •  	['Литература', 'История']		09.06.2017	['СССР', 'Что читать', 'Дети']	http://arzamas.academy/mag/437-dingo		
Arzamas	350	5 самых нелепых античных смертей  •  	['История']	Алена Чепель	26.09.2016	['Античность']	http://arzamas.academy/mag/350-stupiddeath	Филолог, историк Античности	Докторант Университета Рединга (University of Reading), научный сотрудник лаборатории античной культуры Школы актуальных гуманитарных исследований РАНХиГС.
Arzamas	223	Федор Глинка — о русских в Германии  •  	['История']		02.02.2016	[]	http://arzamas.academy/mag/223-glinka		
Arzamas	420	История искусства в одном сюжете: Благовещение  •  	['Искусство']	Анна Киселева	07.04.2017	['Живопись', 'Шпаргалка']	http://arzamas.academy/mag/420-annunzione	Искусствовед	Окончила отделение теории и истории искусства исторического факультета МГУ, сотрудник отдела выставок ГМИИ им. А. С. Пушкина.
Arzamas	257	Ляля Кандаурова. «Симфония: биография одного жанра»  •  	['Искусство']		17.02.2016	[]	http://arzamas.academy/mag/257-kandaurova		
Arzamas	277	Почему Шанель не изобретала маленькое черное платье  •  	['История', 'Антропология']	Ольга Хорошилова	22.03.2016	[]	http://arzamas.academy/mag/277-little-black-dress	Искусствовед, историк моды	Кандидат искусствоведения, доцент Санкт-Петербургского государственного университета промышленных технологий и дизайна, лектор Русского музея, автор книг «Всадники особого назначения» (2013), «Костюм и мода Российской империи. Эпоха Николая II» (2013), «Костюм и мода Российской империи. Эпоха Александра II и Александра III» (2015), «Молодые и красивые. Мода 1920-х годов» (2016).
Arzamas	311	Письма Шерлоку Холмсу  •  	['Литература', 'Антропология']	Мария Кривошеина	13.07.2016	[]	http://arzamas.academy/mag/311-sherlock	Магистрант школы филологии факультета гуманитарных наук НИУ ВШЭ	
Arzamas	193	Книги недели: выбор «Порядка слов»  •  	[]		26.11.2015	[]	http://arzamas.academy/mag/193-mamardashvili-etc		
Arzamas	414	История искусства в одном сюжете: святой Себастьян  •  	['Искусство', 'История']	Анна Киселева	09.03.2017	['Живопись', 'Средние века', 'Античность', 'Шпаргалка']	http://arzamas.academy/mag/414-seb	Искусствовед	Окончила отделение теории и истории искусства исторического факультета МГУ, сотрудник отдела выставок ГМИИ им. А. С. Пушкина.
Arzamas	419	7 секретов «Преступления и наказания»  •  	['Литература']	Анастасия Першкина	23.03.2017	['Шпаргалка', 'XIX век', 'Что читать']	http://arzamas.academy/mag/419-dost	Филолог, журналист	Кандидат филологических наук, главный выпускающий редактор «ТАСС-Аудио», член оргкомитета Международной научной конференции молодых филологов «Текстология и историко-литературный процесс». Училась на филологическом факультете МГУ, работала на радиостанции «Коммерсантъ FM». Научные интересы — русская литература XIX века. Дома есть библиотека и кот по имени Осип Иванович Сенковский.
Arzamas	324	Как проклясть врага: 10 шагов к успеху  •  	['Антропология']	Алена Чепель	08.08.2016	[]	http://arzamas.academy/mag/324-proklyatye	Филолог, историк Античности	Докторант Университета Рединга (University of Reading), научный сотрудник лаборатории античной культуры Школы актуальных гуманитарных исследований РАНХиГС.
Arzamas	275	5 новых книг о несвободе  •  	['История', 'Антропология']		17.03.2016	[]	http://arzamas.academy/mag/275-jailhouse-rock		
Arzamas	260	Книги недели: выбор «Фаланстера»  •  	[]	Борис Куприянов	18.02.2016	[]	http://arzamas.academy/mag/260-pamela-etc	Издатель, публицист	Один из учредителей книжного магазина «Фаланстер», программный директор Международного московского открытого книжного фестиваля, член экспертного совета Международной ярмарки интеллектуальной литературы non/fiction.
Arzamas	276	Новая сказка Нила Геймана и лучшие игрушки XX века  •  	[]	Лиза Биргер	18.03.2016	['Дети']	http://arzamas.academy/mag/276-lego	Журналист, литературный критик	
Arzamas	251	История XX века в Рубинштейнах  •  	['История']		11.03.2016	[]	http://arzamas.academy/mag/251-rubinstein		
Arzamas	98	Еврейка-людоед в кантатах XVII века  •  	['Искусство']		14.08.2015	[]	http://arzamas.academy/mag/98-cannibal		
Arzamas	211	Инфографика недели: железная дорога  •  	['История']	Дмитрий Голубовский	10.12.2015	[]	http://arzamas.academy/mag/211-infographic-railroad	Журналист, редактор	Директор департамента стикеров и эмодзи Arzamas. Кандидат исторических наук. <nobr>В 2011–2014 годах</nobr> — главный редактор журнала Esquire.
Arzamas	406	Как смотреть голландский натюрморт  •  	['Искусство', 'Антропология']	Анастасия Егорова	15.02.2017	['Живопись', 'Шпаргалка', 'XVI–XVII века']	http://arzamas.academy/mag/406-naturemorte	Искусствовед	Аспирант отделения истории и теории искусства исторического факультета МГУ им. М. В. Ломоносова
Arzamas	294	Цирк в дореволюционной России  •  	['Искусство', 'История']	Анастасия Принцева	24.06.2016	[]	http://arzamas.academy/mag/294-circus	Журналист, редактор	Окончила аспирантуру Санкт-Петербургского государственного университета по специальности «английский язык и литература». Возглавляла отдел культуры и искусства радиостанции «Нева FM».
Arzamas	267	Математика против монстров и битва за уборку  •  	[]	Лиза Биргер	04.03.2016	['Дети']	http://arzamas.academy/mag/267-moneymoneymoney	Журналист, литературный критик	
Arzamas	253	Книги недели: выбор магазина «Все свободны»  •  	[]		11.02.2016	[]	http://arzamas.academy/mag/253-dostoevsky		
Arzamas	325	Что такое конструктивизм  •  	['Искусство']	Александра Селиванова	10.08.2016	[]	http://arzamas.academy/mag/325-construct	Кандидат архитектуры	Руководитель Центра авангарда библиотеки «Просвещение трудящихся», старший научный сотрудник Музея Москвы.
Arzamas	214	Книги недели: выбор «Порядка слов»  •  	[]		10.12.2015	[]	http://arzamas.academy/mag/214-tselan-und-mouse		
Arzamas	148	«Сказка о рыбаке и рыбке» в цвете, «Петя и волк» и джаз, бабушкин айпед  •  	[]	Лиза Биргер	16.10.2015	['Дети']	http://arzamas.academy/mag/148-children-2Журналист, литературный критик		
Arzamas	412	Что читали советские школьники  •  	['История', 'Литература', 'Антропология']	Михаил Павловец	21.03.2017	['Документ', 'СССР', 'Что читать']	http://arzamas.academy/mag/412-school	Филолог, преподаватель словесности	Кандидат филологических наук, доцент школы филологии факультета гуманитарных наук НИУ ВШЭ, учитель словесности Лицея НИУ ВШЭ, автор более 150 публикаций по истории русской литературы ХХ века — поэтического авангарда, неподцензурной литературе, современного литературного процесса, а также глав школьных и вузовских учебников и работ по истории литературного образования в России. 
Arzamas	394	Четыре загадки Рождества  •  	['История']	Людмила Жукова	07.01.2017	['Шпаргалка']	http://arzamas.academy/mag/394-natale	Религиовед	Кандидат культурологии, доцент Центра изучения религий РГГУ.
Arzamas	322	Рожденные революцией  •  	['История']	Дмитрий Голубовский	14.07.2016	[]	http://arzamas.academy/mag/322-french-calendar	Журналист, редактор	Директор департамента стикеров и эмодзи Arzamas. Кандидат исторических наук. <nobr>В 2011–2014 годах</nobr> — главный редактор журнала Esquire.
Arzamas	301	8 затонувших городов  •  	['История']	Ксения Аксельрод	11.07.2016	[]	http://arzamas.academy/mag/301-goroda	Историк архитектуры, урбанист, критик	PhD по архитектуре. Автор курсов по истории архитектуры, урбанистики, цивилизации в рамках магистерской программы Московской высшей школы социальных и экономических наук и Манчестерского университета; автор программы бакалавриата «Архитектура города» факультета Liberal Arts РАНХиГС.
Arzamas	342	11 вопросов про иудаизм  •  	['Антропология', 'История']	Людмила Жукова	19.09.2016	['Шпаргалка']	http://arzamas.academy/mag/342-jews	Религиовед	Кандидат культурологии, доцент Центра изучения религий РГГУ.
Arzamas	181	Марк Твен для девочек, дети в музеях и новое издание «Алисы»  •  	[]	Лиза Биргер	13.11.2015	['Дети']	http://arzamas.academy/mag/181-twain	Журналист, литературный критик	
Arzamas	176	Как выглядит лекторий Arzamas в «Царицыно»  •  	[]		06.11.2015	[]	http://arzamas.academy/mag/176-tsaritsyno		
Arzamas	358	Как звучит древнегреческая музыка  •  	['Искусство', 'История']	Алена Чепель	31.10.2016	['Музыка', 'Античность']	http://arzamas.academy/mag/358-music	Филолог, историк Античности	Докторант Университета Рединга (University of Reading), научный сотрудник лаборатории античной культуры Школы актуальных гуманитарных исследований РАНХиГС.
Arzamas	343	Что такое Баухаус  •  	['Искусство']	Ксения Малич	16.09.2016	['Архитектура']	http://arzamas.academy/mag/343-bauhaus	Искусствовед, историк архитектуры	Научный сотрудник Государственного Эрмитажа, куратор архитектурной программы проекта «Эрмитаж 20/21». Автор и куратор выставок, посвященных истории становления европейских архитектурных школ в XX веке, а также мастерам современной архитектуры («Сантьяго Калатрава. В поисках движения», «Архитектура по-голландски. 1945–2000», «Заха Хадид в Государственном Эрмитаже», «Золотое поколение. Модернизм в финской архитектуре и дизайне» и др). Автор нескольких десятков научных статей и выставочных каталогов, посвященных вопросам теории архитектуры XIX–XX веков.
Arzamas	259	«Ложный Петр»: Пугачев как орудие дезинформации  •  	['История']	Ольга Хорошилова	02.03.2016	[]	http://arzamas.academy/mag/259-pugatchew	Искусствовед, историк моды	Кандидат искусствоведения, доцент Санкт-Петербургского государственного университета промышленных технологий и дизайна, лектор Русского музея, автор книг «Всадники особого назначения» (2013), «Костюм и мода Российской империи. Эпоха Николая II» (2013), «Костюм и мода Российской империи. Эпоха Александра II и Александра III» (2015), «Молодые и красивые. Мода 1920-х годов» (2016).
Arzamas	265	Программирование для детей, Галилей и песенки про Вселенную  •  	[]	Лиза Биргер	26.02.2016	['Дети']	http://arzamas.academy/mag/265-galileo	Журналист, литературный критик	
Arzamas	271	Художники за работой: Моне, Кандинский, Матисс, Ренуар  •  	['Искусство']		09.03.2016	[]	http://arzamas.academy/mag/271-artists		
Arzamas	168	Книги недели: выбор «Порядка слов»  •  	[]		05.11.2015	[]	http://arzamas.academy/mag/168-lettrism-etc		
Arzamas	404	10 песен, под которые просыпаются астронавты  •  	['Антропология']	Лев Ганкин	22.02.2017	['Музыка', 'Звук']	http://arzamas.academy/mag/404-groundcontrol	Музыкальный журналист, радиоведущий, переводчик	Преподаватель программы «Школа культурной журналистики» фонда культуры и искусства «Про арте», ведущий еженедельной программы «Хождение по звукам» на радио «Серебряный дождь». Переводчик книг Стюарта Исакоффа «Громкая история фортепиано» и «Музыкальный строй».
Arzamas	280	Жанна д’Арк в истории кино  •  	['Искусство']	Леонид Марантиди	28.03.2016	[]	http://arzamas.academy/mag/280-joanna	Журналист, сценарист, режиссер монтажа	
Arzamas	246	Образовательные мультфильмы и книга Алисы Порет про консервы  •  	[]	Лиза Биргер	29.01.2016	['Дети']	http://arzamas.academy/mag/246-ted	Журналист, литературный критик	
Arzamas	225	Как устроена советская повседневность  •  	['Антропология']	Татьяна Дашкова	18.01.2016	[]	http://arzamas.academy/mag/225-soviet-daily-life	Исследователь советской культуры	Кандидат филологических наук, доцент Высшей школы европейских культур РГГУ.
Arzamas	312	12 добрых королей  •  	['История']	Дмитрий Голубовский	30.06.2016	[]	http://arzamas.academy/mag/312-kings	Журналист, редактор	Директор департамента стикеров и эмодзи Arzamas. Кандидат исторических наук. <nobr>В 2011–2014 годах</nobr> — главный редактор журнала Esquire.
Arzamas	220	Книги недели: выбор «Фаланстера»  •  	[]	Борис Куприянов	18.12.2015	[]	http://arzamas.academy/mag/220-mertvago	Издатель, публицист	Один из учредителей книжного магазина «Фаланстер», программный директор Международного московского открытого книжного фестиваля, член экспертного совета Международной ярмарки интеллектуальной литературы non/fiction.
Arzamas	192	Почему фараонов не называли фараонами?  •  	['История']		30.11.2015	[]	http://arzamas.academy/mag/192-pharaon		
Arzamas	388	11 вопросов про ислам  •  	['Антропология', 'История']	Людмила Жукова	19.12.2016	['Шпаргалка']	http://arzamas.academy/mag/388-islam	Религиовед	Кандидат культурологии, доцент Центра изучения религий РГГУ.
Arzamas	334	Советский писатель внутри Большого террора. Глава 2  •  	['Литература', 'История']	Илья Венявкин	26.08.2016	['СССР']	http://arzamas.academy/mag/334-terror2Историк советской литературы и культуры	Кандидат исторических наук. Креативный директор Фонда Егора Гайдара. Один из участников сетевого проекта «Прожито», создающего полный электронный корпус дневников советского времени.	
Arzamas	395	7 секретов романа «Обломов»  •  	['Литература']	Кирилл Зубков	18.01.2017	['Шпаргалка', 'XIX век']	http://arzamas.academy/mag/395-oblomov	Историк литературы	Кандидат филологических наук, преподаватель СПбГУ, сотрудник Института русской литературы (Пушкинского Дома) РАН. Автор работ по истории русской литературы, цензуры и литературной критики середины XIX века.
Arzamas	365	Берестяные грамоты — 2016: репортаж с лекций академика Зализняка  •  	['История']	Дмитрий Сичинава	14.10.2016	['Древняя Русь']	http://arzamas.academy/mag/365-zaliznjak	Лингвист	Кандидат филологических наук, старший научный сотрудник отдела корпусной лингвистики и лингвистической поэтики Института русского языка имени В. В. Виноградова РАН.
Arzamas	283	Кубики цумики, книжки‑картинки и лего-«Дисней»  •  	[]	Лиза Биргер	01.04.2016	['Дети']	http://arzamas.academy/mag/283-blocks	Журналист, литературный критик	
Arzamas	210	Пришвин: «Путь веры в миссию своей страны кончится войной»  •  	['История', 'Литература']	Анна Лернер	08.12.2015	[]	http://arzamas.academy/mag/210-prishvin		
Arzamas	174	Кто подделал дневники Гитлера?  •  	['История']		16.11.2015	[]	http://arzamas.academy/mag/174-hitler		
Arzamas	321	Почему Россия Александра III — это сонное царство  •  	['История', 'Искусство']	Олег Коронный	19.08.2016	[]	http://arzamas.academy/mag/321-ippolitov	Редактор Arzamas.academy	
Arzamas	279	Собака Билли Холидей и черепаха Роальда Даля  •  	[]	Лиза Биргер	25.03.2016	['Дети']	http://arzamas.academy/mag/279-dahl	Журналист, литературный критик	
Arzamas	450	Русь, Запад, Восток: 10 веков в одной таблице  •  	['История']	Артем Ефимов	24.07.2017	['Шпаргалка', 'Древняя Русь', 'Средние века', 'XVIII век', 'XVI–XVII века', 'Азия', 'Хроника']	http://arzamas.academy/mag/450-history-table	Историк, журналист	Аспирант школы исторических наук НИУ ВШЭ. Постоянный автор Arzamas <nobr>и научно-популярного</nobr> издания N+1, автор книги «С чего мы взяли. Три века попыток понять Россию умом» (2017).
Arzamas	316	5 древних списков чтения  •  	['Литература', 'Антропология', 'История']	Алена Чепель	25.07.2016	[]	http://arzamas.academy/mag/316-mustread	Филолог, историк Античности	Докторант Университета Рединга (University of Reading), научный сотрудник лаборатории античной культуры Школы актуальных гуманитарных исследований РАНХиГС.
Arzamas	305	Как стать джентльменом  •  	['Литература', 'Антропология']	Кирилл Головастиков	17.06.2016	[]	http://arzamas.academy/mag/305-gentleman	Стиховед, редактор Arzamas.academy	Окончил филологический факультет МГУ имени Ломоносова и его аспирантуру по кафедре истории русской литературы. Член редакции журнала по русской и теоретической филологии Philologica. Бывший журналист интернет-издания «Лента.ру» (2008–2014). Лауреат премии «Книга года» (2017)
Arzamas	159	Зачем ученые изучают магию, алхимию и астрологию?  •  	['История', 'Антропология']		27.10.2015	[]	http://arzamas.academy/mag/159-horoskope		
Arzamas	222	Игра недели: наряды и шляпки  •  	['История', 'Антропология']	Дмитрий Голубовский	17.12.2015	[]	http://arzamas.academy/mag/222-game-dames	Журналист, редактор	Директор департамента стикеров и эмодзи Arzamas. Кандидат исторических наук. <nobr>В 2011–2014 годах</nobr> — главный редактор журнала Esquire.
Arzamas	287	«Возвращение Средневековья»: как это было  •  	[]	Алексей Мунипов	18.04.2016	[]	http://arzamas.academy/mag/287-arzamas-medieval	Журналист, редактор 	Кандидат наук, в 2002 году защитил в НИИ искусствознания диссертацию «Тема смерти в японской массовой культуре». <nobr>В 2012–2013 годах</nobr> — главный редактор журнала «Большой город», <nobr>в 2014–2015 годах</nobr> — главный редактор издания «Афиша–Воздух», <nobr>в 2015–2016 годах</nobr> — редакционный директор Arzamas. 
Arzamas	203	Из чего сделано идеальное детство?  •  	[]	Лиза Биргер	04.12.2015	['Дети']	http://arzamas.academy/mag/203-lost-eden	Журналист, литературный критик	
Arzamas	302	5 книг о раннем христианстве  •  	['История']	Людмила Жукова	21.06.2016	[]	http://arzamas.academy/mag/302-christ_books	Религиовед	Кандидат культурологии, доцент Центра изучения религий РГГУ.
Arzamas	452	Краткая история Конго в семи картинах  •  	['Искусство', 'История', 'Антропология']	Диана Салахеддин	01.08.2017	['Живопись', 'Африка']	http://arzamas.academy/mag/452-congo	Студент бакалавриата образовательной программы &laquo;История искусств&raquo; факультета гуманитарных наук НИУ ВШЭ	
Arzamas	284	Новые книги про 1917 год  •  	['История']	Борис Куприянов	11.01.2017	[]	http://arzamas.academy/mag/284-1917Издатель, публицист	Один из учредителей книжного магазина «Фаланстер», программный директор Международного московского открытого книжного фестиваля, член экспертного совета Международной ярмарки интеллектуальной литературы non/fiction.	
Arzamas	331	Как участвовать в рыцарском турнире  •  	['История', 'Антропология']	Светлана Яцык	05.12.2016	['Инструкция', 'Средние века', 'Франция']	http://arzamas.academy/mag/331-knight	Историк-медиевист	Кандидат исторических наук, аналитик лаборатории медиевистических исследований, преподаватель школы исторических наук факультета гуманитарных наук Высшей школы экономики.
Arzamas	329	5 книг об истории еды  •  	['Антропология']	Алексей Мунипов	17.08.2016	[]	http://arzamas.academy/mag/329-food	Журналист, редактор 	Кандидат наук, в 2002 году защитил в НИИ искусствознания диссертацию «Тема смерти в японской массовой культуре». <nobr>В 2012–2013 годах</nobr> — главный редактор журнала «Большой город», <nobr>в 2014–2015 годах</nobr> — главный редактор издания «Афиша–Воздух», <nobr>в 2015–2016 годах</nobr> — редакционный директор Arzamas. 
Arzamas	136	Каббала для начинающих  •  	['История', 'Антропология']	Ованес Акопян	08.10.2015	[]	http://arzamas.academy/mag/136-kabbala	Историк	Кандидат исторических наук, специалист по истории ренессансной магии, науки и философии, докторант Уорикского университета (Ковентри, Великобритания).
Arzamas	12	Мария Берггольц вспоминает о сестре Ольге. 1977 год  •  	['Литература']		08.07.2015	[]	http://arzamas.academy/mag/12-berggoltc		
Arzamas	320	5 книг об исламе  •  	['Антропология', 'История']	Людмила Жукова	20.07.2016	[]	http://arzamas.academy/mag/320-islam	Религиовед	Кандидат культурологии, доцент Центра изучения религий РГГУ.
Arzamas	422	Жизнь в Америке глазами рабов  •  	['Антропология', 'История']	Дмитрий Шабельников	10.04.2017	['Документ', 'Цитаты', 'Америка']	http://arzamas.academy/mag/422-slaves	Переводчик	Окончил филологический факультет МГУ, выпускник мастерской художественного перевода Creative Writing School (курс Александры Борисенко и Виктора Сонькина). Участник проекта перевода английских приключенческих рассказов конца XIX века.
Arzamas	248	Книги недели: выбор «Порядка слов»  •  	[]		04.02.2016	[]	http://arzamas.academy/mag/248-joyce		
Arzamas	353	8 фактов о Ренессансе  •  	['Искусство', 'История']	Ольга Гринкруг	05.10.2016	['Шпаргалка']	http://arzamas.academy/mag/353-reness	Итальянист, журналист, переводчик	Автор путеводителей «Афиши» по городам и областям Италии
Arzamas	446	Определитель архитектурных стилей  •  	['История', 'Искусство']	Илья Печёнкин	14.08.2017	['Шпаргалка', 'Архитектура']	http://arzamas.academy/mag/446-arch	Кандидат искусствоведения	Доцент, старший научный сотрудник НИИ теории и истории архитектуры и градостроительства.
Arzamas	405	Советский писатель внутри Большого террора. Глава 6  •  	['Литература', 'История']	Илья Венявкин	13.02.2017	['СССР']	http://arzamas.academy/mag/405-chapter6Историк советской литературы и культуры	Кандидат исторических наук. Креативный директор Фонда Егора Гайдара. Один из участников сетевого проекта «Прожито», создающего полный электронный корпус дневников советского времени.	
Arzamas	245	Книги недели: выбор «Фаланстера»  •  	[]	Борис Куприянов	28.01.2016	[]	http://arzamas.academy/mag/245-soccer	Издатель, публицист	Один из учредителей книжного магазина «Фаланстер», программный директор Международного московского открытого книжного фестиваля, член экспертного совета Международной ярмарки интеллектуальной литературы non/fiction.
Arzamas	150	Правда ли, что феномен футбольных хулиганов родом из Византии?  •  	['История', 'Антропология']		02.11.2015	[]	http://arzamas.academy/mag/150-soccer		
Arzamas	109	Как Гленн Гульд играл Баха в противогазе  •  	['Искусство']		04.09.2015	[]	http://arzamas.academy/mag/109-gould		
Arzamas	396	Найден зашифрованный дневник школьника сталинской эпохи  •  	['Антропология', 'История']	Илья Венявкин	23.01.2017	['Документ', 'СССР']	http://arzamas.academy/mag/396-chernevsky	Историк советской литературы и культуры	Кандидат исторических наук. Креативный директор Фонда Егора Гайдара. Один из участников сетевого проекта «Прожито», создающего полный электронный корпус дневников советского времени.
Arzamas	231	Как устроен проект «Устная история»  •  	['История']	Анна Лернер	27.01.2016	[]	http://arzamas.academy/mag/231-oralhistory		
Arzamas	249	Итоги голосования: главные люди, события, идеи и вещи тысячелетия  •  	['История']	Олег Коронный	09.02.2016	[]	http://arzamas.academy/mag/249-itogi	Редактор Arzamas.academy	
Arzamas	149	Что читать в сети: от истории кастратов до утешения философией  •  	[]		21.10.2015	[]	http://arzamas.academy/mag/149-chto-chitat-3		
Arzamas	424	«Женщины спасают Грузию после каждой катастрофы»  •  	['Антропология', 'История']		17.04.2017	['Что читать', 'Интервью', 'Мифы']	http://arzamas.academy/mag/424-georgia		
Arzamas	354	5 ошибок архитектуры модернизма  •  	['Искусство', 'История']	Ксения Малич	12.10.2016	['Шпаргалка', 'Архитектура']	http://arzamas.academy/mag/354-modernism	Искусствовед, историк архитектуры	Научный сотрудник Государственного Эрмитажа, куратор архитектурной программы проекта «Эрмитаж 20/21». Автор и куратор выставок, посвященных истории становления европейских архитектурных школ в XX веке, а также мастерам современной архитектуры («Сантьяго Калатрава. В поисках движения», «Архитектура по-голландски. 1945–2000», «Заха Хадид в Государственном Эрмитаже», «Золотое поколение. Модернизм в финской архитектуре и дизайне» и др). Автор нескольких десятков научных статей и выставочных каталогов, посвященных вопросам теории архитектуры XIX–XX веков.
Arzamas	17	Части покойника как колдовской инвентарь народа коми  •  	['Антропология']		17.07.2015	[]	http://arzamas.academy/mag/17-komi		
Arzamas	132	Вячеслав Вс. Иванов — о новых открытиях, геноме и комбинаторике  •  	['Антропология']	Анна Лернер	12.10.2015	[]	http://arzamas.academy/mag/132-ivanov		
Arzamas	139	Как устроен дневниковый проект Prozhito  •  	['История']	Анна Лернер	13.10.2015	[]	http://arzamas.academy/mag/139-prozhito		
Arzamas	436	Как читать «Витю Малеева в школе и дома»  •  	['История', 'Литература']		19.06.2017	['СССР', 'Что читать', 'Дети']	http://arzamas.academy/mag/436-nosov		
Arzamas	433	Как понять Мадрид: пособие для путешественника  •  	['История', 'Искусство', 'Литература']		28.06.2017	['Путеводитель', 'Развлечения', 'Испания']	http://arzamas.academy/mag/433-madrid		
Arzamas	188	Инфографика недели: человекообразные карты  •  	['История']	Дмитрий Голубовский	26.11.2015	[]	http://arzamas.academy/mag/188-infographic-human-maps	Журналист, редактор	Директор департамента стикеров и эмодзи Arzamas. Кандидат исторических наук. <nobr>В 2011–2014 годах</nobr> — главный редактор журнала Esquire.
Arzamas	308	Как смотреть иконы  •  	['Искусство']	Дмитрий Антонов	29.06.2016	[]	http://arzamas.academy/mag/308-ikoni	Историк, исследователь древнерусской культуры и иконографии	Кандидат исторических наук, доцент кафедры истории и теории культуры РГГУ, старший научный сотрудник Школы актуальных гуманитарных исследований РАНХиГС. Сфера научных интересов — древнерусская культура, семиотика иконографии, средневековая демонология, русский фольклор. Автор монографий: «Смута в культуре средневековой Руси: эволюция древнерусских мифологем в книжности начала XVII века» (2009), «Демоны и грешники в древнерусской иконографии: семиотика образа» (2011, совместно с <a href="http://arzamas.academy/authors/73">Михаилом Майзульсом</a>), «Анатомия ада: путеводитель по древнерусской визуальной демонологии» (2013; 2014, совместно с Михаилом Майзульсом). Составитель и ответственный редактор научного сборника «Сила взгляда: глаза в мифологии и иконографии» (2013) и ежегодного альманаха «In Umbra: демонология как семиотическая система» (совместно с Ольгой Христофоровой).
Arzamas	447	Из чего сделан истинный джентльмен  •  	[]	Михаил Казиник	21.06.2017	['Инструкция', 'Документ', 'Цитаты']	http://arzamas.academy/mag/447-gentleman	Журналист, путешественник. Изучал культуру Меланезии и Полинезии. Работал редактором в изданиях «Афиша–Мир», Esquire, Forbes.	
Arzamas	356	Откуда взялись древние восточные церкви  •  	['Антропология', 'История']	Людмила Жукова	07.10.2016	['Путеводитель', 'Церковь']	http://arzamas.academy/mag/356-churches	Религиовед	Кандидат культурологии, доцент Центра изучения религий РГГУ.
Arzamas	237	Почему новогодние елки ассоциировались на Руси с кабаками?  •  	['История', 'Антропология']		28.12.2015	[]	http://arzamas.academy/mag/237-new-year-tree		
Arzamas	298	Письма читателей Льву Толстому  •  	['Литература', 'Антропология']	Мария Кривошеина	27.06.2016	[]	http://arzamas.academy/mag/298-graf	Магистрант школы филологии факультета гуманитарных наук НИУ ВШЭ	
Arzamas	306	Дети 1940-х — о начале войны  •  	['История', 'Антропология']	Катя Ламм	22.06.2016	[]	http://arzamas.academy/mag/306-22june	Продюсер Arzamas	
Arzamas	108	Лекция Александра Аузана про экономику и культуру  •  	[]		03.09.2015	[]	http://arzamas.academy/mag/108-auzan		
Arzamas	382	Стихи на выходные: Михаил Айзенберг  •  	['Литература']		25.11.2016	['Поэзия']	http://arzamas.academy/mag/382-aizenberg		
Arzamas	185	Откуда у Чайковского вата в ухе?  •  	['История']	Ольга Хорошилова	23.11.2015	[]	http://arzamas.academy/mag/185-chaikovsky	Искусствовед, историк моды	Кандидат искусствоведения, доцент Санкт-Петербургского государственного университета промышленных технологий и дизайна, лектор Русского музея, автор книг «Всадники особого назначения» (2013), «Костюм и мода Российской империи. Эпоха Николая II» (2013), «Костюм и мода Российской империи. Эпоха Александра II и Александра III» (2015), «Молодые и красивые. Мода 1920-х годов» (2016).
Arzamas	378	Как оформлять книги — рассказывает Борис Трофимов  •  	['Искусство', 'Литература']	Анна Красильщик	02.12.2016	[]	http://arzamas.academy/mag/378-trofimov	Редактор Arzamas.academy	Окончила историко-филологический факультет РГГУ, защитив диплом на тему «Институт фаворитизма в системе государственной власти в России второй половины XVIII века» (научный руководитель — Александр Каменский). Директор редакторского бюро TXT.
Arzamas	31	Воспоминания художника о Самарканде 1941–1942 годов  •  	['Искусство']		06.07.2015	[]	http://arzamas.academy/mag/31-samarkand		
Arzamas	416	Как принести жертву богам  •  	['Антропология', 'История']	Алена Чепель	13.03.2017	['Инструкция', 'Античность']	http://arzamas.academy/mag/416-zhertva	Филолог, историк Античности	Докторант Университета Рединга (University of Reading), научный сотрудник лаборатории античной культуры Школы актуальных гуманитарных исследований РАНХиГС.
Arzamas	430	Редкие цветные фотографии Второй мировой  •  	['История']	Дмитрий Шабельников	11.05.2017	['Хроника', 'Война']	http://arzamas.academy/mag/430-photos_iiww	Переводчик	Окончил филологический факультет МГУ, выпускник мастерской художественного перевода Creative Writing School (курс Александры Борисенко и Виктора Сонькина). Участник проекта перевода английских приключенческих рассказов конца XIX века.
Arzamas	391	Мебель, которую придумали великие архитекторы  •  	['Искусство']	Ксения Малич	20.01.2017	['Мода', 'Архитектура']	http://arzamas.academy/mag/391-chairs	Искусствовед, историк архитектуры	Научный сотрудник Государственного Эрмитажа, куратор архитектурной программы проекта «Эрмитаж 20/21». Автор и куратор выставок, посвященных истории становления европейских архитектурных школ в XX веке, а также мастерам современной архитектуры («Сантьяго Калатрава. В поисках движения», «Архитектура по-голландски. 1945–2000», «Заха Хадид в Государственном Эрмитаже», «Золотое поколение. Модернизм в финской архитектуре и дизайне» и др). Автор нескольких десятков научных статей и выставочных каталогов, посвященных вопросам теории архитектуры XIX–XX веков.
Arzamas	269	Как звучал «Эпос о Гильгамеше»  •  	['История', 'Литература']		08.03.2016	[]	http://arzamas.academy/mag/269-gilgames		
Arzamas	119	Японское кино для начинающих  •  	['Искусство']		16.10.2015	[]	http://arzamas.academy/mag/119-japan-cinema		
Arzamas	169	Лучшие книжки-картинки — 2015, Толкин читает «Хоббита»  •  	[]	Лиза Биргер	06.11.2015	['Дети']	http://arzamas.academy/mag/169-detideti	Журналист, литературный критик	
Arzamas	359	Что надо знать, чтобы понимать Миядзаки  •  	['Искусство', 'Антропология']	Елизавета Ванеян	23.11.2016	['Кино', 'Азия']	http://arzamas.academy/mag/359-miadzaki	Искусствовед	Магистрант отделения теории и истории искусства исторического факультета МГУ
Arzamas	335	Как читать Набокова  •  	['Литература']	Анна Красильщик	24.08.2016	[]	http://arzamas.academy/mag/335-nabokov	Редактор Arzamas.academy	Окончила историко-филологический факультет РГГУ, защитив диплом на тему «Институт фаворитизма в системе государственной власти в России второй половины XVIII века» (научный руководитель — Александр Каменский). Директор редакторского бюро TXT.
Arzamas	402	Как читать американских поэтов XX века  •  	['Литература']	Лев Оборин	08.02.2017	['Поэзия', 'Инструкция', 'Америка']	http://arzamas.academy/mag/402-americans	Поэт, критик, переводчик, филолог	Лауреат премии журнала «Знамя» (2010), редактор книжной серии «Культура повседневности» издательства «Новое литературное обозрение», сооснователь поэтической премии «Различие».
Arzamas	228	Александр Соболев. «Пишущая машинка в русской поэзии»  •  	['Литература']		22.12.2015	[]	http://arzamas.academy/mag/228-sobolev		
Arzamas	403	О чем рассказывает фасад готического собора  •  	['История', 'Искусство']	Анастасия Егорова	06.02.2017	['Архитектура', 'Средние века', 'Шпаргалка']	http://arzamas.academy/mag/403-fasad	Искусствовед	Аспирант отделения истории и теории искусства исторического факультета МГУ им. М. В. Ломоносова
Arzamas	423	7 секретов «Ада» Данте  •  	['Литература', 'История']	Анастасия Белоусова	23.05.2017	['Шпаргалка', 'Поэзия', 'Италия']	http://arzamas.academy/mag/423-dante	Кандидат филологических наук	Ассистент-профессор Национального университета Колумбии, главный редактор журнала по русской и теоретической филологии Philologica.
Arzamas	187	Михаил Ямпольский. «Живопись: желание и язык»  •  	['Искусство']		25.11.2015	[]	http://arzamas.academy/mag/187-yampolsky		
Arzamas	344	Орел или решка  •  	['История']	Дмитрий Голубовский	09.09.2016	['Деньги']	http://arzamas.academy/mag/344-choose-your-destiny	Журналист, редактор	Директор департамента стикеров и эмодзи Arzamas. Кандидат исторических наук. <nobr>В 2011–2014 годах</nobr> — главный редактор журнала Esquire.
Arzamas	300	История болезней  •  	['История', 'Антропология']	Мария Пироговская	15.06.2016	[]	http://arzamas.academy/mag/300-famale	Антрополог	Кандидат исторических наук, научный сотрудник факультета антропологии Европейского университета <nobr>в Санкт-Петербурге</nobr>, редактор раздела «Рецензии» журнала «Антропологический форум».
Arzamas	330	Как читать Мандельштама  •  	['Литература']	Олег Лекманов	15.08.2016	[]	http://arzamas.academy/mag/330-mandelshtam	Доктор филологических наук, профессор школы филологии факультета гуманитарных наук НИУ ВШЭ	Историк литературы. Автор монографий «Книга об акмеизме и другие работы» (2000), «Статьи и заметки о школьной литературе» (в соавторстве с М. И. Свердло&shy;вым, 2001), «„Рождественские стихи“ Иосифа Бродского» (в со&shy;авторстве с А. Ю. Сергеевой-Клятис, 2002), «В лабиринтах романа-загадки. Комментарий к роману В. П. Катаева „Алмазный мой венец“» (в соавторстве с М. Ко&shy;то&shy;вой, при участии Л. Вид&shy;гофа; 2004), <a href=http://community.livejournal.com/ru_lit/206083.html target=_blank>«Опыт коллективного комментария к „Вступлению“ поэмы Тимура Кибирова „Сквозь прощальные слезы“»</a>, «О трех акмеистических книгах. М. Зенке&shy;вич. В. Нарбут. О. Мандельштам» (2006), «Осип Мандельштам. Жизнь поэта» (серия «Жизнь замечательных людей», 2009), «Mandelstam» (Boston, 2010), «Сергей Есенин. Биография. Издание второе, исправленное и дополненное» (в соавторстве с М. И. Свердловым, 2011), «О. Мандельштам. „Египетская марка“. Пояснения для читателя» (сост. О. Лекманов, М. Котова, О. Репина, А. Сергеева-Клятис, С. Синельников; 2012), «Поэты и газеты. Очерки» (2013), «Русская поэзия в 1913 году» (2014), <a href= http://www.ruthenia.ru/document/551883.html target=_blank>«Из опыта пристального чтения русской прозы: „Чистый понедельник“ И. А. Бунина»</a> (в соавторстве с М. Дзюбенко).
Arzamas	216	Краткая история оркестра, от древнейших времен до Бетховена  •  	['Искусство']	Екатерина Бирюкова	13.06.2016	[]	http://arzamas.academy/mag/216-orchestra	Музыковед	Шеф-редактор раздела «Академическая музыка» на сайте Colta.ru, многократный член жюри и экспертного совета фестиваля «Золотая маска».
Arzamas	154	Потерянная анимация Терри Гиллиама  •  	['Искусство']		26.10.2015	[]	http://arzamas.academy/mag/154-terry-gilliam		
Arzamas	285	«Отвратительная мерзость»: как великих композиторов ругали современники  •  	['Искусство']	Ика Мунипова	20.06.2016	[]	http://arzamas.academy/mag/285-rant	Историк театра и кино, режиссер	Выпускница Института филологии и истории (кафедра театра и кино) и Высших курсов сценаристов и режиссеров (мастерская Владимира Хотиненко). Занималась исследованием рисунков Эйзенштейна в аспирантуре отделения филологии философского факультета Эрфуртского университета (Германия).
Arzamas	389	Как откопали Ричарда III  •  	['История', 'Антропология']	Ирина Калитеевская	21.12.2016	['Интервью', 'Эксперт']	http://arzamas.academy/mag/389-richard	Редактор Arzamas.academy	
Arzamas	110	Товстоногов как икона стиля  •  	['Искусство']		08.09.2015	[]	http://arzamas.academy/mag/110-tovstonogov		
Arzamas	94	«А кротов я, государь, всех повыгнал»: жалоба садовника царю Михаилу Федоровичу  •  	['История']		30.07.2015	[]	http://arzamas.academy/mag/94-kro		
Arzamas	352	Советский писатель внутри Большого террора. Глава 3  •  	['Литература', 'История']	Илья Венявкин	23.09.2016	['СССР']	http://arzamas.academy/mag/352-terror3Историк советской литературы и культуры	Кандидат исторических наук. Креативный директор Фонда Егора Гайдара. Один из участников сетевого проекта «Прожито», создающего полный электронный корпус дневников советского времени.	
Arzamas	90	Как изучать русских чертей  •  	['Антропология']		08.07.2015	[]	http://arzamas.academy/mag/90-hells-bells		
Arzamas	107	Инфографика недели: религия  •  	['История', 'Антропология']	Дмитрий Голубовский	09.10.2015	[]	http://arzamas.academy/mag/107-infographic-religion	Журналист, редактор	Директор департамента стикеров и эмодзи Arzamas. Кандидат исторических наук. <nobr>В 2011–2014 годах</nobr> — главный редактор журнала Esquire.
Arzamas	340	Как Ильф и Петров ездили в Америку  •  	['Литература', 'История']	Мария Котова	31.08.2016	['Документ', 'Америка']	http://arzamas.academy/mag/340-usa	Историк литературы	Кандидат филологических наук, ведущий научный сотрудник, руководитель научного отдела Государственного музея М. А. Булгакова. Автор ряда статей о русской литературе XX века и соавтор нескольких монографий, в том числе «В лабиринтах романа-загадки. Комментарий к роману В. П. Катаева „Алмазный мой венец“» (в соавторстве с О. Лекмановым, при участии Л. Видгофа) и «О. Мандельштам. „Египетская марка“. Пояснения для читателя» (составители: М. Котова, О. Лекманов, О. Репина, <nobr>А. Сергеева-Клятис,</nobr> С. Синельников).
Arzamas	180	Книги недели: выбор «Фаланстера»  •  	[]	Борис Куприянов	12.11.2015	[]	http://arzamas.academy/mag/180-tataryetc	Издатель, публицист	Один из учредителей книжного магазина «Фаланстер», программный директор Международного московского открытого книжного фестиваля, член экспертного совета Международной ярмарки интеллектуальной литературы non/fiction.
Arzamas	339	Как приворожить возлюбленного: 10 шагов к успеху  •  	['Антропология', 'История']	Алена Чепель	05.09.2016	['Инструкция', 'Документ', 'Отношения']	http://arzamas.academy/mag/339-privorot	Филолог, историк Античности	Докторант Университета Рединга (University of Reading), научный сотрудник лаборатории античной культуры Школы актуальных гуманитарных исследований РАНХиГС.
Arzamas	178	Игра недели: «Игра в сецессию»  •  	['История']	Дмитрий Голубовский	12.11.2015	[]	http://arzamas.academy/mag/178-secession-game	Журналист, редактор	Директор департамента стикеров и эмодзи Arzamas. Кандидат исторических наук. <nobr>В 2011–2014 годах</nobr> — главный редактор журнала Esquire.
Arzamas	434	Как читать «Приключения Бибигона»  •  	['Литература', 'История']		12.06.2017	['Что читать', 'СССР', 'Мифы']	http://arzamas.academy/mag/434-bibigon		
Arzamas	156	Камиль Сен-Санс дирижирует собственной музыкой  •  	['Искусство']		04.11.2015	[]	http://arzamas.academy/mag/156-saint-saens		
Arzamas	116	Пивоваров, сокровища Тотьмы, советские автобусные остановки  •  	['Искусство']	Лиза Биргер	19.10.2015	[]	http://arzamas.academy/mag/116-pivovarov	Журналист, литературный критик	
Arzamas	415	Дневник московского подростка о жизни в 1941–1943 годах  •  	['Антропология', 'История']	Илья Венявкин	15.03.2017	['Документ', 'Воспоминания', 'СССР']	http://arzamas.academy/mag/415-orlov	Историк советской литературы и культуры	Кандидат исторических наук. Креативный директор Фонда Егора Гайдара. Один из участников сетевого проекта «Прожито», создающего полный электронный корпус дневников советского времени.
Arzamas	390	7 секретов романа «Мы»  •  	['Литература']	Олег Лекманов	09.01.2017	['Шпаргалка', 'СССР']	http://arzamas.academy/mag/390-us	Доктор филологических наук, профессор школы филологии факультета гуманитарных наук НИУ ВШЭ	Историк литературы. Автор монографий «Книга об акмеизме и другие работы» (2000), «Статьи и заметки о школьной литературе» (в соавторстве с М. И. Свердло&shy;вым, 2001), «„Рождественские стихи“ Иосифа Бродского» (в со&shy;авторстве с А. Ю. Сергеевой-Клятис, 2002), «В лабиринтах романа-загадки. Комментарий к роману В. П. Катаева „Алмазный мой венец“» (в соавторстве с М. Ко&shy;то&shy;вой, при участии Л. Вид&shy;гофа; 2004), http://community.livejournal.com/ru_lit/206083.html «Опыт коллективного комментария к „Вступлению“ поэмы Тимура Кибирова „Сквозь прощальные слезы“», «О трех акмеистических книгах. М. Зенке&shy;вич. В. Нарбут. О. Мандельштам» (2006), «Осип Мандельштам. Жизнь поэта» (серия «Жизнь замечательных людей», 2009), «Mandelstam» (Boston, 2010), «Сергей Есенин. Биография. Издание второе, исправленное и дополненное» (в соавторстве с М. И. Свердловым, 2011), «О. Мандельштам. „Египетская марка“. Пояснения для читателя» (сост. О. Лекманов, М. Котова, О. Репина, А. Сергеева-Клятис, С. Синельников; 2012), «Поэты и газеты. Очерки» (2013), «Русская поэзия в 1913 году» (2014), <a href= http://www.ruthenia.ru/document/551883.html target=_blank>«Из опыта пристального чтения русской прозы: „Чистый понедельник“ И. А. Бунина»</a> (в соавторстве с М. Дзюбенко).
Arzamas	448	Вся русская литература XIX века в 230 карточках  •  	['Литература']	Алина Бодрова	07.08.2017	['Шпаргалка', 'XIX век']	http://arzamas.academy/mag/448-literature	Научный сотрудник ИРЛИ (Пушкинский Дом) РАН, старший преподаватель школы филологии факультета гуманитарных наук НИУ ВШЭ	Кандидат филологических наук, редактор третьего тома полного собрания сочинений и писем Е. А. Боратынского (2012), участник подготовки академических собраний сочинений А. С. Пушкина и М. Ю. Лермонтова.
Arzamas	333	«Неистовый любовник» или «Молодец-баба»?  •  	['Литература']	Анастасия Тулякова	12.08.2016	[]	http://arzamas.academy/mag/333-names	Аспирант факультета гуманитарных наук школы филологии НИУ ВШЭ, преподаватель лицея НИУ ВШЭ	
Arzamas	374	Новый лекторий Arzamas и великая литература  •  	['Литература']		02.11.2016	[]	http://arzamas.academy/mag/374-literary-orchestra		
Arzamas	377	Хлысты, скопцы и молокане: чем они отличаются  •  	['История', 'Антропология']	Людмила Жукова	21.11.2016	['Церковь']	http://arzamas.academy/mag/377-sekti	Религиовед	Кандидат культурологии, доцент Центра изучения религий РГГУ.
Arzamas	291	Внимание! Живопись  •  	['Искусство']		20.04.2016	[]	http://arzamas.academy/mag/291-kranahi		
Arzamas	227	Максим Кронгауз. «На смерть пишущей машинки»  •  	['Антропология']		21.12.2015	[]	http://arzamas.academy/mag/227-kronhaus		
Arzamas	429	Как читать «Двух капитанов»  •  	['Литература']		16.06.2017	[]	http://arzamas.academy/mag/429-2cap		
Arzamas	96	«Алиса в Стране чудес»: как выглядел рукописный оригинал книги  •  	['Искусство', 'Литература']		06.08.2015	[]	http://arzamas.academy/mag/96-alisa		
Arzamas	413	Как быть красавицей — 2  •  	['История', 'Антропология']	Ольга Вайнштейн	07.03.2017	['Мода', 'Инструкция', 'XIX век']	http://arzamas.academy/mag/413-bellezza	Доктор филологических наук, ведущий научный сотрудник Института высших гуманитарных исследований имени Е. М. Мелетинского РГГУ	Помимо семиотики одежды, истории повседневной жизни и истории и теории моды, занимается литературой и философией европейского романтизма, методологией гуманитарных наук ХХ века, а также гендерными исследованиями. Основатель и член редколлегии журнала «Теория моды: одежда, тело, культура» и составитель его книжной серии; член редколлегий журналов Fashion Theory: The Journal of Dress, Body & Culture; International Journal Fashion Studies; Critical Studies in Men’s Fashion. Автор книг «Ароматы и запахи в культуре» и несколько раз переиздававшейся «Денди: мода, литература, стиль жизни».
Arzamas	124	Как Маяковского не пустили в крымский клуб  •  	['Литература']		16.09.2015	[]	http://arzamas.academy/mag/124-bayan		
Arzamas	252	Проклятие фараонов и мумии: как возникла египетская готика  •  	['Искусство', 'История', 'Антропология']	Анна Айвазян	23.02.2016	[]	http://arzamas.academy/mag/252-mummy	Историк	Кандидат исторических наук, специалист по колониальной политике европейских держав в Египте.
Arzamas	317	Что такое классический русский балет  •  	['Искусство']	Юлия Яковлева	22.07.2016	[]	http://arzamas.academy/mag/317-balet	Балетный критик, писатель.	Автор книг «Создатели и зрители: русский балет эпохи шедевров», «Мариинский театр. Балет. ХХ век», «Азбука балета», специального выпуска журнала Vogue «Dance in Vogue».
Arzamas	250	Хармс, полная Барби и бесполезность раннего развития  •  	[]	Лиза Биргер	05.02.2016	['Дети']	http://arzamas.academy/mag/250-barbie	Журналист, литературный критик	
Arzamas	313	7 книг об анархизме  •  	['Антропология', 'История']	Андрей Бабицкий	06.07.2016	[]	http://arzamas.academy/mag/313-anarch	Журналист	
Arzamas	209	Три мифа про Юлия Цезаря  •  	['История']	Виктор Сонькин	16.12.2015	[]	http://arzamas.academy/mag/209-caesar	Филолог, переводчик, журналист	Кандидат филологических наук. Лауреат премии «Просветитель» за книгу «Здесь был Рим» (2012). Вместе с Александрой Борисенко <nobr>с 2000-х годов</nobr> ведет на филологическом факультете МГУ семинар по художественному переводу.
Arzamas	144	Инфографика недели: экономика  •  	['История']	Дмитрий Голубовский	15.10.2015	[]	http://arzamas.academy/mag/144-infographic-economy	Журналист, редактор	Директор департамента стикеров и эмодзи Arzamas. Кандидат исторических наук. <nobr>В 2011–2014 годах</nobr> — главный редактор журнала Esquire.
Arzamas	121	Краткая история изобретения пасты  •  	['История', 'Антропология']	Алексей Мунипов	20.10.2015	[]	http://arzamas.academy/mag/121-pasta	Журналист, редактор 	Кандидат наук, в 2002 году защитил в НИИ искусствознания диссертацию «Тема смерти в японской массовой культуре». <nobr>В 2012–2013 годах</nobr> — главный редактор журнала «Большой город», <nobr>в 2014–2015 годах</nobr> — главный редактор издания «Афиша–Воздух», <nobr>в 2015–2016 годах</nobr> — редакционный директор Arzamas. 
Arzamas	254	Юбилей Паддингтона, котик Диккенса и книжки Сытина  •  	[]	Лиза Биргер	12.02.2016	['Дети']	http://arzamas.academy/mag/254-falkor	Журналист, литературный критик	
Arzamas	268	Петр Багров: «Мы видим в плохом кино что-то интересное»  •  	['Искусство']	Ирина Калитеевская	07.03.2016	[]	http://arzamas.academy/mag/268-bagrov	Редактор Arzamas.academy	
Arzamas	240	Что читать, смотреть и слушать на каникулах  •  	[]		03.01.2016	[]	http://arzamas.academy/mag/240-collections		
Arzamas	241	Современное искусство и кодирующая гусеница  •  	[]	Лиза Биргер	22.01.2016	['Дети']	http://arzamas.academy/mag/241-karl	Журналист, литературный критик	
Arzamas	183	Ренат Беккин — о жизни мусульман в России  •  	['Антропология']	Анна Савина	17.11.2015	[]	http://arzamas.academy/mag/183-bekkin	Журналист	Редактор сайта «Секрет фирмы»
Arzamas	205	Инфографика недели: корабль рабов  •  	['История']	Дмитрий Голубовский	03.12.2015	[]	http://arzamas.academy/mag/205-infographic-slave-ship	Журналист, редактор	Директор департамента стикеров и эмодзи Arzamas. Кандидат исторических наук. <nobr>В 2011–2014 годах</nobr> — главный редактор журнала Esquire.
Arzamas	138	«К тебе иду, а ты жди меня»: песни понтийских греков в Абхазии  •  	['Искусство', 'Антропология']		08.10.2015	[]	http://arzamas.academy/mag/138-greeks		
Arzamas	153	Инфографика недели: города  •  	['История', 'Антропология']	Дмитрий Голубовский	23.10.2015	[]	http://arzamas.academy/mag/153-infographic-cities	Журналист, редактор	Директор департамента стикеров и эмодзи Arzamas. Кандидат исторических наук. <nobr>В 2011–2014 годах</nobr> — главный редактор журнала Esquire.
Arzamas	142	Зализняк и берестяные грамоты: репортаж с лекции  •  	['История']	Дмитрий Сичинава	07.10.2015	[]	http://arzamas.academy/mag/142-zaliznyak	Лингвист	Кандидат филологических наук, старший научный сотрудник отдела корпусной лингвистики и лингвистической поэтики Института русского языка имени В. В. Виноградова РАН.
Arzamas	274	Гитлер танцует свинг: антинацистский видеомэшап 1941 года  •  	['История']		21.03.2016	[]	http://arzamas.academy/mag/274-nazi		
Arzamas	230	Джон Кейдж — об идеальном размере коллектива  •  	['Искусство']		26.01.2016	[]	http://arzamas.academy/mag/230-cage		
Arzamas	242	Маттеус Шварц, фэшн-блогер XVI века  •  	['История', 'Антропология']	Ольга Хорошилова	20.01.2016	[]	http://arzamas.academy/mag/242-schwarz	Искусствовед, историк моды	Кандидат искусствоведения, доцент Санкт-Петербургского государственного университета промышленных технологий и дизайна, лектор Русского музея, автор книг «Всадники особого назначения» (2013), «Костюм и мода Российской империи. Эпоха Николая II» (2013), «Костюм и мода Российской империи. Эпоха Александра II и Александра III» (2015), «Молодые и красивые. Мода 1920-х годов» (2016).
Arzamas	206	Почему Галилей не говорил «И все‑таки она вертится»?  •  	['История']	Кася Денисевич	09.12.2015	[]	http://arzamas.academy/mag/206-galileo	Редактор, переводчик	Окончила историко-филологический факультет РГГУ, защитив диплом на тему «Книга Мауро Орбини „Il regno de gli Slavi“ и реконструкция славянского мифологического пантеона в России в XVIII — начале XIX века». Переводила с итальянского книги Милены Агус, Андреа Камиллери. Публиковалась в журнале «Живая старина». Соавтор путеводителя по Милану журнала «Афиша» (2011).
Arzamas	372	Стихи на выходные: Сергей Гандлевский  •  	['Литература']		03.11.2016	['Поэзия']	http://arzamas.academy/mag/372-gandlevsky		
Arzamas	398	Индейцы в 10 вопросах  •  	['Антропология', 'История']	Евгения Коровина	27.01.2017	['Шпаргалка', 'Мифы', 'Америка']	http://arzamas.academy/mag/398-indian	Лингвист	Аспирант Института восточных культур и античности РГГУ, младший научный сотрудник Института языкознания РАН.
Arzamas	409	Африка в 10 вопросах  •  	['Антропология', 'История']	Кирилл Бабаев	03.03.2017	['Африка', 'Путеводитель']	http://arzamas.academy/mag/409-afrika	Доктор филологических наук	Директор Фонда фундаментальных лингвистических исследований, старший научный сотрудник Института востоковедения РАН, директор издательского дома «ЯСК».
Arzamas	118	Кришна и индийский театр теней  •  	['Антропология', 'Искусство']	Алексей Мунипов	14.09.2015	[]	http://arzamas.academy/mag/118-shadow-puppets	Журналист, редактор 	Кандидат наук, в 2002 году защитил в НИИ искусствознания диссертацию «Тема смерти в японской массовой культуре». <nobr>В 2012–2013 годах</nobr> — главный редактор журнала «Большой город», <nobr>в 2014–2015 годах</nobr> — главный редактор издания «Афиша–Воздух», <nobr>в 2015–2016 годах</nobr> — редакционный директор Arzamas. 
Arzamas	23	«Воскрешение из мертвых». Вышеградский кодекс. 1085 год  •  	['Искусство']		15.07.2015	[]	http://arzamas.academy/mag/23-vyshegrad		
Arzamas	194	Лучшие детские книги на non/fiction: выбор Arzamas  •  	['Литература']	Лиза Биргер	27.11.2015	[]	http://arzamas.academy/mag/194-nonfiction-children	Журналист, литературный критик	
Arzamas	346	Как выглядели дети‑преступники 1900‑х годов  •  	['Антропология', 'История']	Дмитрий Голубовский	14.09.2016	['Документ']	http://arzamas.academy/mag/346-crime	Журналист, редактор	Директор департамента стикеров и эмодзи Arzamas. Кандидат исторических наук. <nobr>В 2011–2014 годах</nobr> — главный редактор журнала Esquire.
Arzamas	375	Как переводить книги — рассказывает Виктор Голышев  •  	['Литература']	Елена Калашникова	30.11.2016	['Инструкция', 'Интервью']	http://arzamas.academy/mag/375-golyshev	Филолог, журналист	Автор книги «По-русски с любовью. Беседы с переводчиками» (2008), автор и ведущая цикла встреч с переводчиками.
Arzamas	438	Как читать «Тимура и его команду»  •  	['Литература', 'История']		02.06.2017	['Что читать', 'Дети', 'СССР', 'Война']	http://arzamas.academy/mag/438-timur		
Arzamas	383	Что такое неопримитивизм  •  	['Искусство']	Ольга Тимофеева	16.01.2017	['Живопись']	http://arzamas.academy/mag/383-neoprimitivism	Историк искусства	Магистр истории искусства Университета Святого Андрея (Великобритания)
Arzamas	443	Как читать «Золушку»  •  	['История', 'Литература']		26.06.2017	['СССР', 'Что читать']	http://arzamas.academy/mag/443-zolushka		
Arzamas	338	Как смотреть иконы — 2  •  	['Искусство']	Дмитрий Антонов	07.09.2016	[]	http://arzamas.academy/mag/338-ikoni2Историк, исследователь древнерусской культуры и иконографии	Кандидат исторических наук, доцент кафедры истории и теории культуры РГГУ, старший научный сотрудник Школы актуальных гуманитарных исследований РАНХиГС. Сфера научных интересов — древнерусская культура, семиотика иконографии, средневековая демонология, русский фольклор. Автор монографий: «Смута в культуре средневековой Руси: эволюция древнерусских мифологем в книжности начала XVII века» (2009), «Демоны и грешники в древнерусской иконографии: семиотика образа» (2011, совместно с <a href="http://arzamas.academy/authors/73">Михаилом Майзульсом</a>), «Анатомия ада: путеводитель по древнерусской визуальной демонологии» (2013; 2014, совместно с Михаилом Майзульсом). Составитель и ответственный редактор научного сборника «Сила взгляда: глаза в мифологии и иконографии» (2013) и ежегодного альманаха «In Umbra: демонология как семиотическая система» (совместно с Ольгой Христофоровой).	
Arzamas	95	«Я их ненавижу, потому что они ненавидят мать»: дневники сына Цветаевой  •  	['Литература']		31.07.2015	[]	http://arzamas.academy/mag/95-efron		
Arzamas	380	Как написать научно-популярную книгу — рассказывает Сергей Иванов  •  	['Литература', 'История']	Анна Красильщик	28.11.2016	['Инструкция', 'Интервью']	http://arzamas.academy/mag/380-ivanov	Редактор Arzamas.academy	Окончила историко-филологический факультет РГГУ, защитив диплом на тему «Институт фаворитизма в системе государственной власти в России второй половины XVIII века» (научный руководитель — Александр Каменский). Директор редакторского бюро TXT.
Arzamas	266	Книги недели: выбор «Фаланстера»  •  	[]	Борис Куприянов	03.03.2016	[]	http://arzamas.academy/mag/266-vereshagin-etc	Издатель, публицист	Один из учредителей книжного магазина «Фаланстер», программный директор Международного московского открытого книжного фестиваля, член экспертного совета Международной ярмарки интеллектуальной литературы non/fiction.
Arzamas	221	Веселая наука для малышей (и немного живописи)  •  	[]	Лиза Биргер	18.12.2015	['Дети']	http://arzamas.academy/mag/221-mondrian	Журналист, литературный критик	
